USE dating_c04;

-- type user --
INSERT INTO dating_c04.type_user (id_type_user, type_user_name) 
VALUES ('1', 'Basic'),
 ('2', 'Premium'),
 ('3', 'Vip'),
 ('4', 'VVip');
	
-- status active --
INSERT INTO `dating_c04`.`status_active` (`id`, `name`) 
VALUES ('1', 'Đang hoạt động'),
 ('2', 'Đang bận'),
 ('3', 'Không hoạt động');


 -- user --
INSERT INTO `dating_c04`.`user` (`id_user`, `address`, `avatar`, `coin`, `date_of_birth`, `gender`, `job`, `join_day`, `married`, `name`, `id_status_active`, `id_type_user`)
VALUES  ('1', 'Thanh Khê, Đà Nẵng', 'https://images.pexels.com/photos/1382731/pexels-photo-1382731.jpeg?auto=compress&cs=tinysrgb&w=1260&h=750&dpr=1', '50', '2000/12/01', 0, 'Sinh Viên', '2022/12/01', 0, 'Lan Hương', '1', '1'),
   ('2', 'Ba Đình, Hà Nội', 'https://images.pexels.com/photos/1391498/pexels-photo-1391498.jpeg?auto=compress&cs=tinysrgb&w=1260&h=750&dpr=1', '100', '2001/2/2', 0, 'Sinh Viên', '2022/12/01', 0, 'Nguyễn Hồng', '1', '2'),
   ('3', 'Đống Đa, Hà Nội', 'https://images.pexels.com/photos/1308881/pexels-photo-1308881.jpeg?auto=compress&cs=tinysrgb&w=600', 0, '1999/12/4', 0, 'Luật Sư', '2022/12/01', 0, 'Hoàng Uyên', '1', '1'),
   ('4', 'Hai Bà Trưng, Hà Nội', 'https://images.pexels.com/photos/1321909/pexels-photo-1321909.jpeg?auto=compress&cs=tinysrgb&w=600', 0, '2000/02/10', 0, 'Diễn Viên', '2022/12/01', 0, 'Bảo Vy', '2', '1'),
   ('5', 'Hoàng Mai, Hà Nội', 'https://images.pexels.com/photos/1386604/pexels-photo-1386604.jpeg?auto=compress&cs=tinysrgb&w=600', 0, '2000/12/10', 0, 'Sinh Viên', '2022/12/01', 0, 'Cát Tường', '2', '1'),
   ('6', 'Thanh Xuân, Hà Nội', 'https://images.pexels.com/photos/341970/pexels-photo-341970.jpeg?auto=compress&cs=tinysrgb&w=600', 0, '2001/09/01', 0, 'Sinh Viên', '2022/12/01', 0, 'Gia Hân', '3', '1'),
   ('7', 'Long Biên, Hà Nội', 'https://images.pexels.com/photos/1391499/pexels-photo-1391499.jpeg?auto=compress&cs=tinysrgb&w=600', 0, '2002/10/10', 0, 'Sinh Viên', '2022/12/01', 0, 'Hoài An', '3', '1'),
   ('8', 'Nam Từ LIêm, Hà Nội', 'https://images.pexels.com/photos/884979/pexels-photo-884979.jpeg?auto=compress&cs=tinysrgb&w=600', 0, '2000/11/10/', 0, 'Sinh Viên', '2022/12/01', 0, 'Khả Hân', '1', '1'),
   ('9', 'Bắc Từ Liêm, Hà Nội', 'https://images.pexels.com/photos/1898555/pexels-photo-1898555.jpeg?auto=compress&cs=tinysrgb&w=600', '10', '1999/05/10', 0, 'Sinh Viên', '2022/12/01', 0, 'Khánh Ngọc', '3', '1'),
   ('10', 'Tây Hồ, Hà Nội', 'data:image/jpeg,base64,/9j/4AAQSkZJRgABAQAAAQABAAD/2wCEAAoHCBUWFRgVFhYZGBgaGR8fGhwaHRoaHBwaHBocGhohHBocIS4lHB8rIRkcJjgmKy8xNTU1GiQ7QDs0Py40NTEBDAwMEA8QHxISHjQrISQxNDQ0NDQ0NDQxNDQ0NDQ0NDQ0NDQ0NDQ0NDQ0NDQ0NDQ0NDQ0NDQ0NDQ0NDQ0NDQ0NP/AABEIANUA7QMBIgACEQEDEQH...', '10', '1999/05/10', 0, 'Kế Toán', '2022/12/01', 0, 'Khánh Ngân', '3', '1'),
   ('11', 'Cầu Giấy, Hà Nội', 'data:image/jpeg,base64,/9j/4AAQSkZJRgABAQAAAQABAAD/2wCEAAoHCBUSFRgWFRUYGBgYGhgYGBgYGBgYGBoYGBoZGRgYGBgcIS4lHB4rHxgYJjgmKy8xNTU1GiQ7QDs0Py40NTEBDAwMEA8QHhISHjQrJCE0NDQ0NDQ0NDQ0NDQ0MTQ0NDE0NDQ0NDQ0NDQ0NDQ0NDQ0NDQ0NDQ0NDQ0NDQ0NDQ0NP/AABEIAOEA4QMBIgACEQEDEQH...', '14', '1999/05/10', 0, 'Kế Toán', '2022/12/011', 0, 'Linh Chi', '1', '1'),
   ('12', 'Hà Đông, Hà Nội', 'data:image/jpeg,base64,/9j/4AAQSkZJRgABAQAAAQABAAD/2wCEAAoHCBYWFRgVFRUYGBgaGBoYGhgYGBgYGBgaHBgaGRgYGBgcIS4lHB4rIRgYJjgmKy8xNTU1GiQ7QDs0Py40NTEBDAwMEA8QHhIRHjEhISsxNDQxNDQ0NDQ0NDQ0NDQ0NDQ0NDQ0NDQ0NDQ0NDQ0NDQ0NDQ0NDQ0NDQ0NDQ0NDQ0NP/AABEIAQMAwgMBIgACEQEDEQH...', '20', '1999/05/10', 0, 'Kế Toán', '2022/12/01', 0, 'Ngọc Khuê', '3', '1'),
   ('13', 'Hải Châu, Đà Nẵng', 'data:image/jpeg,base64,/9j/4AAQSkZJRgABAQAAAQABAAD/2wCEAAoHCBYWFRgVFRUYGBgaGBoYGBgYGBgZGBoYGBgZHBgYGBgcIS4lHB4rHxgYJjgmKy80NTU1GiQ7QDszPy40NTEBDAwMEA8QHxISHzQrJCs0NDQ0NDQ0NDQ0NDQ0NDQ0NDQ2NDQ0NDQ0MTQ0NDQ0NDQ0MTQ0NDQ0NDQ0NDQ0NDE2NP/AABEIAPsAyQMBIgACEQEDEQH...', '30', '1999/05/10', 0, 'Kế Toán', '2022/12/01', 0, 'Phúc An', '2', '1'),
   ('14', 'Cẩm Lệ, Đà Nẵng', 'data:image/jpeg,base64,/9j/4AAQSkZJRgABAQAAAQABAAD/2wCEAAoHCBYWFRgVFRUYGRgaGhgYGBgYGhgYGBoYGBoZGRgYGBgcIS4lHB4rHxgYJjgmKy8xNTU1GiQ7QDs0Py40NTEBDAwMEA8QHxISHjQrJCs0NDQ0NDQ0NDQ0NDQ0NTQ0NDQ0NDQ0NDQ0NDQ0NDQ0NDQ0NDQ0NDQ0NDQ0NDQ0NDQ0NP/AABEIARMAtwMBIgACEQEDEQH...', '50', '1999/05/10', 0, 'Kế Toán', '2022/12/01', 0, 'Thanh Hà', '1', '1'),
   ('15', 'Sơn Trà, Đà Nẵng', 'data:image/jpeg,base64,/9j/4AAQSkZJRgABAQAAAQABAAD/2wCEAAoHCBYWFRgWFhYYGRgaHCEdHBocGhohHBwhGh4cGh8jIRweIS4lHCMrISEeJzgmKy8xNTU1HCQ7QDs0Py40NTEBDAwMEA8QHhIRGjQhISE0NDQ0NDQ0NDQ0NDQ0NDQ0NDQ0NDQ0NDQ0NDQ0NDQ0NDQ0NDQ0NDQ0NDQ0NDQ0NDQ0NP/AABEIAQYAwAMBIgACEQEDEQH...', '45', '1999/05/10', 0, 'Văn Phòng', '2022/12/01', 0, 'Bích Hà', '1', '1'),
   ('16', 'Ngũ Hành Sơn, Đà Nẵng', 'data:image/jpeg,base64,/9j/4AAQSkZJRgABAQAAAQABAAD/2wCEAAoHCBYVFRgWFhYYGBgaHCQcHBwaGhocGhwfHB4aGhkkGhwcIS4lHB4rIRwcJzgmKy8xNTU1HiQ7QDs0Py40NTEBDAwMEA8QGhISGjQhJCE0NDQ0NDQ0NDQ0NDQ0NDQ0NDQ0NDQ0NDE0NDQ0NDQ0NDQxNDQ0NDQ0PzQ0NDQ0ND80P//AABEIASsAqAMBIgACEQEDEQH...', 0, '1999/05/10', 0, 'Văn Phòng', '2022/12/01', 0, 'Thanh Thúy', '2', '1'),
   ('17', 'Liên Chiểu, Đà Nẵng', 'https://encrypted-tbn0.gstatic.com/images?q=tbn:ANd9GcTiZQ0PNi2aBK6VhpHrQmaqZBM-5V6To4CG0A&usqp=CAU', 0, '1999/05/10', 0, 'Văn Phòng', '2022/12/01', 0, 'An Ngọc', '2', '1'),
   ('18', 'Hòa Vang, Đà Nẵng', 'https://encrypted-tbn0.gstatic.com/images?q=tbn:ANd9GcRqTEunVMiEUyRTKszgON4vRWkmpdS1DjhTRw&usqp=CAU', 0, '1999/05/10', 0, 'Văn Phòng', '2022/12/01', 0, 'Khánh Châu', '1', '1'),
   ('19', 'Hòa Vang, Đà Nẵng', 'https://encrypted-tbn0.gstatic.com/images?q=tbn:ANd9GcQQaIfRwQWDjhsMfZMtCZCjr43idRmh5yndcQ&usqp=CAU', 0, '1999/05/10', 0, 'Sinh Viên', '2022/12/01', 0, 'Kim Ngân', '1', '1'),
   ('20', 'Hòa Vang, Đà Nẵng', 'https://encrypted-tbn0.gstatic.com/images?q=tbn:ANd9GcSF3f4-ZFXn4tMJI7o4K2Jevg4flyxRwJQpvQ&usqp=CAU', 0, '1999/05/10', 0, 'Sinh Viên', '2022/12/01', 0, 'Tuyết Nhung', '1', '1'),
   ('21', 'Hòa Vang, Đà Nẵng', 'https://encrypted-tbn0.gstatic.com/images?q=tbn:ANd9GcRlzMtR66a_cb-CsMR6ew3aLFU_zsbMq1vizA&usqp=CAU', '100', '1999/05/10', 0, 'Sinh Viên', '2022/12/01', 0, 'Yến Nhi', '1', '1'),
   ('22', 'Ngũ Hành Sơn, Đà Nẵng', 'https://encrypted-tbn0.gstatic.com/images?q=tbn:ANd9GcSpr8pVYPQTqlKPwxfuxBcgTF9u53Yfbkse-A&usqp=CAU', 0, '1999/05/10', 0, 'Sinh Viên', '2022/12/01', 0, 'Vân Khánh', '2', '1'),
   ('23', 'Ngũ Hành Sơn, Đà Nẵng', 'https://encrypted-tbn0.gstatic.com/images?q=tbn:ANd9GcT2KtklHF73rx2ZLaITD5bdFMnUyMKnOM0LvQ&usqp=CAU', 0, '1999/05/10', 0, 'Sinh Viên', '2022/12/01', 0, 'An Diệp', '2', '1'),
   ('24', 'Ngũ Hành Sơn, Đà Nẵng', 'https://encrypted-tbn0.gstatic.com/images?q=tbn:ANd9GcSzz57VXWgRs1-WSlnLxi4kF20A_2n67eK5yw&usqp=CAU', 0, '1999/05/10', 0, 'Sinh Viên', '2022/12/01', 0, 'Cát Anh', '2', '1'),
   ('25', 'Ngũ Hành Sơn, Đà Nẵng', 'https://encrypted-tbn0.gstatic.com/images?q=tbn:ANd9GcTL1PYg1G6kJpVcCtPLwILnm4p_cvzWW4JuQQ&usqp=CAU', 0, '1999/05/10', 0, 'Sinh Viên', '2022/12/01', 0, 'Cẩm Anh', '2', '1'),
   ('26', 'Ngũ Hành Sơn, Đà Nẵng', 'https://encrypted-tbn0.gstatic.com/images?q=tbn:ANd9GcTtoUmzAoGxB3PGyvgHO1A8BOF6-aP8mZC3Tw&usqp=CAU', 0, '1999/05/10', 0, 'Sinh Viên', '2022/12/01', 0, 'An Nhiên', '1', '1'),
   ('27', 'Cầu Giấy, Hà Nội', 'data:image/jpeg,base64,/9j/4AAQSkZJRgABAQAAAQABAAD/2wCEAAoHCBUWFRgVFRUZGBgaGhgcHBoYGBgZGhgZGRoZHBwaGhwcIS4lHB4rIRgYJjgmKy8xNTU1GiQ7QDs0Py40NTEBDAwMEA8QHxISHjQrJSs0NDQ0NDQ0NDQ0NDQ0NDQ0NDQ0NDQ0MTQ0NDQ0NDQ0NDQ0NDQ0NDQ0NDQ0NDQ0NDQ0NP/AABEIARMAtwMBIgACEQEDEQH...', 0, '1999/05/10', 0, 'Sinh Viên', '2022/12/01', 0, 'Quỳnh Anh', '1', '1'),
   ('28', 'Cầu Giấy, Hà Nội', 'data:image/jpeg,base64,/9j/4AAQSkZJRgABAQAAAQABAAD/2wCEAAoHCBYWFRgWFhYZGRgaHBwaGhocHBwcGhwcGhocGhgaHRweIS4lHB4rIRoaJjgmKy8xNTU1GiQ7QDs0Py40NTEBDAwMEA8QHxISHzQhJCQ0NDQ0NDQ0NDQ0NDQ0NDQ0NDQ0NDQ0NDQ0NDQ0NDQ0NDQ0NDQ0NDQ0NDQ0NDQ0NDQ0NP/AABEIAQMAwgMBIgACEQEDEQH...', 0, '1999/05/10', 0, 'Sinh Viên', '2022/12/01', 0, 'Phương Linh', '1', '1'),
   ('29', 'Cầu Giấy, Hà Nội', 'data:image/jpeg,base64,/9j/4AAQSkZJRgABAQAAAQABAAD/2wCEAAoHCBYWFRgWFhYZGRgaHBwaGBoYGhoaGBweGBoaGRgaGBocIS4lHB4rHxgaJjgmKy8xNTU1GiQ7QDs0Py40NTEBDAwMEA8QHhISGjQkJCQxNDQ0NDQ0NDQ0NDE0NDQ0NDQ0NDQ0NDQ0NDQ0NDQ0NDQ0NDQ0NDQ0NDQxNDQ0NDQ0NP/AABEIAQMAwgMBIgACEQEDEQH...', 0, '1999/05/10', 0, 'Sinh Viên', '2022/12/01', 0, 'Hoài Thương', '2', '1'),
   ('30', 'Cầu Giấy, Hà Nội', 'data:image/jpeg,base64,/9j/4AAQSkZJRgABAQAAAQABAAD/2wCEAAoHCBYWFRgWFhYYGRgYHBocGBwZGhoaGB4YGRwaGhoaGRgcIS4lHB4sHxgcJzgmKy8xNTU1GiQ7QDszPy40NTEBDAwMEA8QHhISHjQkISs0NDQ0NDQ0NDQ0NDQ0NDQ0NDE0NDQ0NDQ0NDQ0NDQ0NDQ0NDQ0NDQ0NDQ0NDE0NDQ0NP/AABEIARMAtwMBIgACEQEDEQH...', '90', '1999/05/10', 0, 'Sinh Viên', '2022/12/01', 0, 'Thiên Bình', '3', '1'),
   ('31', 'Bình Chánh, TP HCM', 'data:image/jpeg,base64,/9j/4AAQSkZJRgABAQAAAQABAAD/2wCEAAoHCBUWFRgWFRYYGBgaGhwYGhwaGBoaGhoaGRwaGRoYGBocIS4lHB4rIRgaJjgmKy8xNTU1GiQ7QDs0Py40NTEBDAwMEA8QHhISHjQhISQ0NDQ0NDQ0NDQ0NDQ0NDQ0NDQ0NDQ0NDQ0NDQ0NDQ0NDQ0NDE0NDQ0NDE0NDQ0NDQ0NP/AABEIAPsAyQMBIgACEQEDEQH...', '100', '1999/05/10', 0, 'Sinh Viên', '2022/12/01', 0, 'Thanh Thảo', '2', '1'),
   ('32', 'Bình Chánh, TP HCM', 'data:image/jpeg,base64,/9j/4AAQSkZJRgABAQAAAQABAAD/2wCEAAoHCBUWFRgWFhYZGRgaGBgaHBoZGB4YHBgcGhocGhwcHBgcIS4lHB4rIRgYJzgmKy8xNTU1HCU7QDs0Py40NTEBDAwMEA8QHhISHjQrJSs0NDQ0NDQ0NDQ0NDQ0NDQ0NDQ0NDQ0NDQ0NDQ0NDQ0NDQ0NDQ0NDQ0NDQ0NDQ0NDQ0NP/AABEIASwAqAMBIgACEQEDEQH...', '100', '1999/05/10', 0, 'Sinh Viên', '2022/12/01', 0, 'Hiền Châu', '2', '1'),
   ('33', 'Bình Chánh, TP HCM', 'data:image/jpeg,base64,/9j/4AAQSkZJRgABAQAAAQABAAD/2wCEAAoHCBYWFRgWFhYZGBgaGhoYGBgcGhoaGhoYGBgZGhoaGhgcIS4lHB4rIRoaJjgmKy8xNTU1GiQ7QDs0Py40NTEBDAwMEA8QHxISHjQlJSs0NDQ0NDQ0NDQ0NDQ0NDQ0NDQ0NDQ0NDQ0NDQ0NDQ0NDQ0NDQ0NDQ0NDQ0NDQ0NDQ0NP/AABEIARsAsgMBIgACEQEDEQH...', '100', '1999/05/10', 0, 'Sinh Viên', '2022/12/01', 0, 'Mai Ngọc', '2', '1'),
   ('34', 'Bình Chánh, TP HCM', 'data:image/jpeg,base64,/9j/4AAQSkZJRgABAQAAAQABAAD/2wCEAAoHCBUWFRgVFRYZGBgaGhoaGBkaGBgYGBoaGBoaGhgaGBgcIS4lHB4rIRgYJjgmKy8xNTU1GiQ7QDszPy40NTEBDAwMEA8QHhISHjQrISE0NDQ0NDQ0NDQ0NDQ0NDQ0NDQ0NDQ0NDQ0NDQ0NDQ0NDQ0NDQ0MTQ0NDQ0NDQ0NDQ0NP/AABEIARMAtwMBIgACEQEDEQH...', 0, '1999/05/10', 0, 'Sinh Viên', '2022/12/01', 0, 'Hồng Diễm', '2', '1'),
   ('35', 'Bình Chánh, TP HCM', 'data:image/jpeg,base64,/9j/4AAQSkZJRgABAQAAAQABAAD/2wCEAAoHCBUVFRgWFhUYGBgaHBoYGBwcGBgZGBoaGRkaGRgcGhocIS4lHB4rIRoaJjgmKy8xNTU1HCQ7QDszPy40NTEBDAwMEA8QHxISHjErJCs0PTQ0NDQ0NDQ0NDQ0NDQ0NDQ0NDQ0NDQ0NDQ0NDQ0NDQ0NDQ0NDQ0NDQ0NDQ0NDQ0NP/AABEIAPsAyQMBIgACEQEDEQH...', '150', '1999/05/10', 0, 'Sinh Viên', '2022/12/01', 0, 'Bích Thảo', '2', '1'),
   ('36', 'Hải Châu, Đà Nẵng', 'data:image/jpeg,base64,/9j/4AAQSkZJRgABAQAAAQABAAD/2wCEAAoHCBYWFRgWFhUYGRgaHB4eGhocHBocHBocHBoeHBoaHhocIS4lHB4rIR4aJzgmKy8xNTU1GiQ7QDszPy40NTEBDAwMEA8QHhISHjQkJCQ0NDQ0NDE0NDQ0NDQ0NDQ0NDQ0NDQxNDQ0NDQ0NDQxNDQ0NDQ0NDQ0NDQ0MTQ0NDQ0NP/AABEIAQMAwgMBIgACEQEDEQH...', 0, '1999/05/10', 0, 'Sinh Viên', '2022/12/01', 0, 'Bích Thủy', '2', '1'),
   ('37', 'Hải Châu, Đà Nẵng', 'data:image/jpeg,base64,/9j/4AAQSkZJRgABAQAAAQABAAD/2wCEAAoHCBUVFRgVEhUYGBgYGBgYGBgYGBgYGBgYGRgZGhgYGRgcIS4lHB4rIRgYJjgmKy8xNTU1GiQ7QDs0Py40NTEBDAwMEA8QHBISGjQhISE0NDQ0NDQ0NDQ0NDQ0NDQ0MTE0MTQ0NDQ0NDQ0NDQxNDExNDQ0NDQxNDQ0NDQ0NDQxNP/AABEIAQMAwgMBIgACEQEDEQH...', 0, '1999/05/10', 0, 'Sinh Viên', '2022/12/01', 0, 'Ðoan Trang', '1', '1'),
   ('38', 'Hải Châu, Đà Nẵng', 'data:image/jpeg,base64,/9j/4AAQSkZJRgABAQAAAQABAAD/2wCEAAoHCBYWFRgVFhUYGBgYGhoaGBgYGBgYGBgYGBgaGRgYGBgcIS4lHB4rIRgYJjgmKy8xNTU1GiQ7QDs0Py40NTEBDAwMEA8QHhISHjQhISE0NDQ0NDQ0NDQ0NDQ0NDQ0MTQ0NDQ0NDQ0NDQ0NDQ0NDQ0NDQ0NDQ0NDQ0NDQ0NDQ0NP/AABEIAQwAvAMBIgACEQEDEQH...', 0, '1999/05/10', 0, 'Sinh Viên', '2022/12/01', 0, 'Đan Tâm', '1', '1'),
   ('39', 'Hải Châu, Đà Nẵng', 'data:image/jpeg,base64,/9j/4AAQSkZJRgABAQAAAQABAAD/2wCEAAoHCBYWFRgVFhYYGBgaGhgYGRoZGBoYGhoYGhgcGhoYGBgcIS4lHB4rIRgYJjgmKy8xNTU1GiQ7QDs0Py40NTEBDAwMEA8QHhISHzQkISs0NDQ0NDQ0NDQ0NDQ0NDQ0NDQ0NDQ0NDQ0NDQ0NDQ0NDQ0NDQ0NDQ0NDQ0NDQ0NDQ0NP/AABEIAPsAyQMBIgACEQEDEQH...', 0, '1999/05/10', 0, 'Sinh Viên', '2022/12/01', 0, 'Hồng Diễm', '1', '1');

INSERT INTO `dating_c04`.`user`( `address`, `avatar`, `coin`, `date_of_birth`, `gender`, `job`, `join_day`, `married`, `name`, `id_status_active`, `id_type_user`) 
VALUES ('K77/22 Thái Phiên, Quảng Trị', 'https://images.pexels.com/photos/220453/pexels-photo-220453.jpeg?auto=compress&cs=tinysrgb&w=1260&h=750&dpr=2', '100', '1999-11-23',  1,  'Đầu bếp ',  '2022-10-24',  0,  'Gia Hưng',  1,  1),
 ( '28 Nguyễn Công Trứ , Phường An Hải Tây,Quận Sơn Trà , Thành Phố Đà Nẵng',  'https://images.pexels.com/photos/2379004/pexels-photo-2379004.jpeg?auto=compress&cs=tinysrgb&w=1260&h=750&dpr=2',  '200',  '2000-10-23',  1,  'Ca sĩ',  '2022-10-24',  1,  'Gia Huy',  1,  2),
 ( '24 Lý Thường Kiệt, Quảng Ngãi',  'https://images.pexels.com/photos/1043474/pexels-photo-1043474.jpeg?auto=compress&cs=tinysrgb&w=1260&h=750&dpr=2',  '300',  '2001-12-23',  1,  'Nghệ sĩ',  '2022-10-24',  0,  'Quang Khải',  1,  3),
 ( 'K77/22 Thái Phiên, Quảng Trị',  'https://images.pexels.com/photos/874158/pexels-photo-874158.jpeg?auto=compress&cs=tinysrgb&w=1260&h=750&dpr=2',  '400',  '2002-09-23',  1,  'Công An',  '2022-10-24',  1,  'Minh Khang',  1,  4),
 ( '686 Lê Duẩn , Quận Hải Châu , Thành Phố Đà Nẵng',  'https://images.pexels.com/photos/716411/pexels-photo-716411.jpeg?auto=compress&cs=tinysrgb&w=1260&h=750&dpr=2',  '500',  '1998-08-23',  1,  'Bác sĩ',  '2022-10-24',  0,  'Gia Khánh',  1,  4),
 ( 'K77/22 Thái Phiên, Quảng Trị',  'https://images.pexels.com/photos/614810/pexels-photo-614810.jpeg?auto=compress&cs=tinysrgb&w=1260&h=750&dpr=2',  '600',  '1997-07-23',  1,  'IT',  '2022-10-24',  1,  'Ðăng Khoa',  1,  3),
 ( '43 Trương Hán Siêu , Phường An Hài Bắc , Quận Sơn Trà , Thành Phố Đà Nẵng',  'https://images.pexels.com/photos/937481/pexels-photo-937481.jpeg?auto=compress&cs=tinysrgb&w=1260&h=750&dpr=2',  '700',  '1996-08-23',  1,  'Kiến trúc sư',  '2022-10-24',  0,  'Minh Khôi',  1,  2),
 ( 'K77/22 Thái Phiên, Quảng Trị',  'https://images.pexels.com/photos/775358/pexels-photo-775358.jpeg?auto=compress&cs=tinysrgb&w=1260&h=750&dpr=2',  '800',  '1995-06-23',  1,  'Kĩ thuật Viên',  '2022-10-24',  1,  'Trung Kiên',  1,  1),
 ( '28 Nguyễn Công Trứ , Phường An Hải Tây,Quận Sơn Trà , Thành Phố Đà Nẵng',  'https://images.pexels.com/photos/1674318/pexels-photo-1674318.jpeg?auto=compress&cs=tinysrgb&w=1260&h=750&dpr=2',  '900',  '1994-05-23',  1,  'Giáo viên',  '2022-10-24',  0,  'Tuấn Kiệt',  1,  1),
 ( 'K77/22 Thái Phiên, Quảng Trị',  'https://images.pexels.com/photos/1818431/pexels-photo-1818431.jpeg?auto=compress&cs=tinysrgb&w=1260&h=750&dpr=2',  '1000',  '1993-04-23',  1,  'Y tá ',  '2022-10-24',  1,  'Phúc Lâm',  1,  1),
 ( '24 Lý Thường Kiệt, Quảng Ngãi',  'https://images.pexels.com/photos/840916/pexels-photo-840916.jpeg?auto=compress&cs=tinysrgb&w=1260&h=750&dpr=2',  '900',  '1992-02-23',  1,  'Đầu bếp ',  '2022-10-24',  0,  'Bảo Long',  1,  2),
 ( '686 Lê Duẩn , Quận Hải Châu , Thành Phố Đà Nẵng',  'https://images.pexels.com/photos/2221877/pexels-photo-2221877.jpeg?auto=compress&cs=tinysrgb&w=1260&h=750&dpr=2',  '1000',  '1991-03-23',  1,  'Y tá ',  '2022-10-24',  1,  'Anh Minh',  1,  3),
 ( 'K77/22 Thái Phiên, Quảng Trị',  'https://images.pexels.com/photos/1852083/pexels-photo-1852083.jpeg?auto=compress&cs=tinysrgb&w=1260&h=750&dpr=2',  '700',  '1997-01-23',  1,  'Giáo viên',  '2022-10-24',  0,  'Trường An',  1,  4),
 ( 'K77/22 Thái Phiên, Quảng Trị',  'https://images.pexels.com/photos/3222422/pexels-photo-3222422.jpeg?auto=compress&cs=tinysrgb&w=1260&h=750&dpr=2',  '1500',  '1996-02-23',  1,  'Nghệ sĩ',  '2022-10-24',  1,  'Thiên Ân',  1,  4),
 ( '43 Trương Hán Siêu , Phường An Hài Bắc , Quận Sơn Trà , Thành Phố Đà Nẵng',  'https://images.pexels.com/photos/7888725/pexels-photo-7888725.jpeg?auto=compress&cs=tinysrgb&w=1260&h=750&dpr=2',  '2000',  '1998-03-23',  1,  'Y tá',  '2022-10-24',  0,  'Minh Anh',  1,  3),
 ( 'K77/22 Thái Phiên, Quảng Trị',  'https://images.pexels.com/photos/918791/pexels-photo-918791.jpeg?auto=compress&cs=tinysrgb&w=1260&h=750&dpr=2',  '400',  '1993-04-23',  1,  'Kiến trúc sư',  '2022-10-24',  1,  'Quốc Bảo',  1,  2),
 ( '28 Nguyễn Công Trứ , Phường An Hải Tây,Quận Sơn Trà , Thành Phố Đà Nẵng',  'https://images.pexels.com/photos/1205033/pexels-photo-1205033.jpeg?auto=compress&cs=tinysrgb&w=1260&h=750&dpr=2',  '300',  '1996-05-23',  1,  'Nghệ sĩ',  '2022-10-24',  0,  'Ðức Bình',  1,  1),
 ( '24 Lý Thường Kiệt, Quảng Ngãi',  'https://images.pexels.com/photos/7989025/pexels-photo-7989025.jpeg?auto=compress&cs=tinysrgb&w=1260&h=750&dpr=2',  '700',  '1993-06-23',  1,  'Bác sĩ',  '2022-10-24',  1,  'Hùng Cường',  1,  1),
 ( 'K77/22 Thái Phiên, Quảng Trị',  'https://images.pexels.com/photos/2506897/pexels-photo-2506897.jpeg?auto=compress&cs=tinysrgb&w=1260&h=750&dpr=2',  '600',  '1995-07-23',  1,  'Ca sĩ',  '2022-10-24',  0,  'Minh Đức',  1,  2),
 ( '43 Trương Hán Siêu , Phường An Hài Bắc , Quận Sơn Trà , Thành Phố Đà Nẵng',  'https://images.pexels.com/photos/842548/pexels-photo-842548.jpeg?auto=compress&cs=tinysrgb&w=1260&h=750&dpr=2',  '600',  '1995-08-23',  1,  'Đầu bếp ',  '2022-10-24',  1,  'Anh Dũng',  1,  3),
 ( 'K77/22 Thái Phiên, Quảng Trị',  'https://images.pexels.com/photos/4842659/pexels-photo-4842659.jpeg?auto=compress&cs=tinysrgb&w=1260&h=750&dpr=2',  '700',  '1995-09-23',  1,  'Ca sĩ',  '2022-10-24',  0,  'Đức Duy',  1,  4),
 ( 'K77/22 Thái Phiên, Quảng Trị',  'https://images.pexels.com/photos/941572/pexels-photo-941572.jpeg?auto=compress&cs=tinysrgb&w=1260&h=750&dpr=2',  '500',  '1995-10-23',  1,  'Nghệ sĩ',  '2022-10-24',  0,  'Huy Hoàng',  1,  1),
 ( '28 Nguyễn Công Trứ , Phường An Hải Tây,Quận Sơn Trà , Thành Phố Đà Nẵng',  'https://images.pexels.com/photos/1680175/pexels-photo-1680175.jpeg?auto=compress&cs=tinysrgb&w=1260&h=750&dpr=2',  '100',  '1995-11-23',  1,  'Công An',  '2022-10-24',  1,  'Mạnh Hùng',  1,  4),
 ( 'K77/22 Thái Phiên, Quảng Trị',  'https://images.pexels.com/photos/2379005/pexels-photo-2379005.jpeg?auto=compress&cs=tinysrgb&w=1260&h=750&dpr=2',  '400',  '1995-12-23',  1,  'Bác sĩ',  '2022-10-24',  1,  'Phúc Hưng',  1,  3),
 ( '111 Hùng Vương, Hà Nội',  'https://images.pexels.com/photos/2221879/pexels-photo-2221879.jpeg?auto=compress&cs=tinysrgb&w=1260&h=750&dpr=2',  '2000',  '1995-05-23',  1,  'IT',  '2022-10-24',  1,  'Hữu Nghĩa',  1,  2),
 ( '24 Lý Thường Kiệt, Quảng Ngãi',  'https://images.pexels.com/photos/1656684/pexels-photo-1656684.jpeg?auto=compress&cs=tinysrgb&w=1260&h=750&dpr=2',  '4000',  '1995-07-23',  1,  'Kiến trúc sư',  '2022-10-24',  1,  'Khôi Nguyên',  1,  2),
 ( '686 Lê Duẩn , Quận Hải Châu , Thành Phố Đà Nẵng',  'https://images.pexels.com/photos/826380/pexels-photo-826380.jpeg?auto=compress&cs=tinysrgb&w=1260&h=750&dpr=2',  '500',  '1995-04-23',  1,  'Kĩ thuật Viên',  '2022-10-24',  0,  'Ðức Thắng',  1,  1),
 ( '24 Lý Thường Kiệt, Quảng Ngãi',  'https://images.pexels.com/photos/1081188/pexels-photo-1081188.jpeg?auto=compress&cs=tinysrgb&w=1260&h=750&dpr=2',  '6000',  '1995-03-23',  1,  'Kĩ thuật Viên',  '2022-10-24',  0,  'Chí Thanh',  1,  2),
 ( 'K77/22 Thái Phiên, Quảng Trị',  'https://images.pexels.com/photos/927437/pexels-photo-927437.jpeg?auto=compress&cs=tinysrgb&w=1260&h=750&dpr=2',  '300',  '1995-02-23',  1,  'Y tá ',  '2022-10-24',  0,  'Hữu Thiện',  1,  1),
 ( '111 Hùng Vương, Hà Nội',  'https://images.pexels.com/photos/1668203/pexels-photo-1668203.jpeg?auto=compress&cs=tinysrgb&w=1260&h=750&dpr=2',  '200',  '1995-01-23',  1,  'Đầu bếp ',  '2022-10-24',  0,  'Phúc Thịnh',  1,  1),
 ( '43 Trương Hán Siêu , Phường An Hài Bắc , Quận Sơn Trà , Thành Phố Đà Nẵng',  'https://images.pexels.com/photos/1816654/pexels-photo-1816654.jpeg?auto=compress&cs=tinysrgb&w=1260&h=750&dpr=2',  '1000',  '1995-02-23',  1,  'Y tá ',  '2022-10-24',  0,  'Ðức Toàn',  1,  2),
 ( 'K77/22 Thái Phiên, Quảng Trị',  'https://images.pexels.com/photos/5741720/pexels-photo-5741720.jpeg?auto=compress&cs=tinysrgb&w=1260&h=750&dpr=2',  '300',  '1995-03-23',  1,  'Giáo viên',  '2022-10-24',  0,  'Minh Triết',  1,  3),
 ( '686 Lê Duẩn , Quận Hải Châu , Thành Phố Đà Nẵng',  'https://images.pexels.com/photos/1586996/pexels-photo-1586996.jpeg?auto=compress&cs=tinysrgb&w=1260&h=750&dpr=2',  '400',  '1995-04-23',  1,  'Đầu bếp ',  '2022-10-24',  1,  'Quốc Trung',  1,  4),
 ( '24 Lý Thường Kiệt, Quảng Ngãi',  'https://images.pexels.com/photos/2238182/pexels-photo-2238182.jpeg?auto=compress&cs=tinysrgb&w=1260&h=750&dpr=2',  '500',  '1995-05-23',  1,  'Kĩ thuật Viên',  '2022-10-24',  1,  'Xuân Trường',  1,  4),
 ( 'K77/22 Thái Phiên, Quảng Trị',  'https://images.pexels.com/photos/3214772/pexels-photo-3214772.jpeg?auto=compress&cs=tinysrgb&w=1260&h=750&dpr=2',  '1600',  '1995-06-23',  1,  'Kiến trúc sư',  '2022-10-24',  1,  'Anh Tuấn',  1,  3),
 ( '28 Nguyễn Công Trứ , Phường An Hải Tây,Quận Sơn Trà , Thành Phố Đà Nẵng',  'https://images.pexels.com/photos/3473516/pexels-photo-3473516.jpeg?auto=compress&cs=tinysrgb&w=1260&h=750&dpr=2',  '1500',  '1995-07-23',  1,  'IT',  '2022-10-24',  1,  'Thanh Tùng',  1,  2),
 ( '686 Lê Duẩn , Quận Hải Châu , Thành Phố Đà Nẵng',  'https://images.pexels.com/photos/837358/pexels-photo-837358.jpeg?auto=compress&cs=tinysrgb&w=1260&h=750&dpr=2',  '1000',  '1995-08-23',  1,  'Bác sĩ',  '2022-10-24',  1,  'Kiến Văn',  1,  1),
 ( 'K77/22 Thái Phiên, Quảng Trị',  'https://images.pexels.com/photos/1485993/pexels-photo-1485993.jpeg?auto=compress&cs=tinysrgb&w=1260&h=750&dpr=2',  '2000',  '1995-09-23',  1,  'Công An',  '2022-10-24',  1,  'Quang Vinh',  1,  1),
 ( '111 Hùng Vương, Hà Nội',  'https://images.pexels.com/photos/1452127/pexels-photo-1452127.jpeg?auto=compress&cs=tinysrgb&w=1260&h=750&dpr=2',  '1000',  '1995-07-23',  1,  'Nghệ sĩ',  '2022-10-24',  1,  'Uy Vũ',  1,  2),
 ( '43 Trương Hán Siêu , Phường An Hài Bắc , Quận Sơn Trà , Thành Phố Đà Nẵng',  'https://images.pexels.com/photos/3214807/pexels-photo-3214807.jpeg?auto=compress&cs=tinysrgb&w=1260&h=750&dpr=2',  '100',  '1995-10-23',  1,  'Ca sĩ',  '2022-10-24',  1,  'Thiện Nhân',  1,  3),
 ( '686 Lê Duẩn , Quận Hải Châu , Thành Phố Đà Nẵng',  'https://images.pexels.com/photos/838413/pexels-photo-838413.jpeg?auto=compress&cs=tinysrgb&w=1260&h=750&dpr=2',  '200',  '1999-11-23',  1,  'Đầu bếp ',  '2022-10-24',  1,  'Tấn Phát',  1,  4),
 ( 'K77/22 Thái Phiên, Quảng Trị',  'https://images.pexels.com/photos/998902/pexels-photo-998902.jpeg?auto=compress&cs=tinysrgb&w=1260&h=750&dpr=2',  '900',  '1998-12-23',  1,  'Y tá ',  '2022-10-24',  1,  'Chấn Phong',  1,  4),
 ( '686 Lê Duẩn , Quận Hải Châu , Thành Phố Đà Nẵng',  'https://images.pexels.com/photos/8939051/pexels-photo-8939051.jpeg?auto=compress&cs=tinysrgb&w=1260&h=750&dpr=2',  '800',  '1997-12-23',  1,  'Kĩ thuật Viên',  '2022-10-24',  0,  'Trường Phúc:',  1,  3),
 ( '28 Nguyễn Công Trứ , Phường An Hải Tây,Quận Sơn Trà , Thành Phố Đà Nẵng',  'https://images.pexels.com/photos/8939042/pexels-photo-8939042.jpeg?auto=compress&cs=tinysrgb&w=1260&h=750&dpr=2',  '700',  '1996-11-23',  1,  'Kiến trúc sư',  '2022-10-24',  0,  'Minh Quân:',  1,  2),
 ( '111 Hùng Vương, Hà Nội',  'https://images.pexels.com/photos/8937585/pexels-photo-8937585.jpeg?auto=compress&cs=tinysrgb&w=1260&h=750&dpr=2',  '600',  '1995-10-23',  1,  'Công An',  '2022-10-24',  0,  'Minh Quang',  1,  1),
 ( '686 Lê Duẩn , Quận Hải Châu , Thành Phố Đà Nẵng',  'https://images.pexels.com/photos/1460892/pexels-photo-1460892.jpeg?auto=compress&cs=tinysrgb&w=1260&h=750&dpr=2',  '500',  '1994-08-23',  1,  'Nghệ sĩ',  '2022-10-24',  0,  'Thái Sơn',  1,  1),
 ( '28 Nguyễn Công Trứ , Phường An Hải Tây,Quận Sơn Trà , Thành Phố Đà Nẵng',  'https://images.pexels.com/photos/1858230/pexels-photo-1858230.jpeg?auto=compress&cs=tinysrgb&w=1260&h=750&dpr=2',  '400',  '1993-07-23',  1,  'Ca sĩ',  '2022-10-24',  0,  'Ðức Tài',  1,  2),
 ( '43 Trương Hán Siêu , Phường An Hài Bắc , Quận Sơn Trà , Thành Phố Đà Nẵng',  'https://images.pexels.com/photos/1445527/pexels-photo-1445527.jpeg?auto=compress&cs=tinysrgb&w=1260&h=750&dpr=2',  '300',  '1992-05-23',  1,  'Đầu bếp ',  '2022-10-24',  0,  'Hữu Tâm',  1,  3),
 ( '111 Hùng Vương, Hà Nội',  'https://images.pexels.com/photos/1756157/pexels-photo-1756157.jpeg?auto=compress&cs=tinysrgb&w=1260&h=750&dpr=2',  '300',  '1991-05-23',  1,  'Kiến trúc sư',  '2022-10-24',  0,  'Xuân Trường',  1,  4);

 
-- target --
INSERT INTO dating_c04.target (id_target, target_name) 
VALUES ('1', 'Kết Bạn'),
 ('2', 'Tìm Người Yêu'),
 ('3', 'Kết Hôn'),
 ('4', 'giao tiếp');
 
INSERT INTO `dating_c04`.`user_target` (`id_user`, `id_target`) 
VALUES ('1', '3'),
 ('1', '2'),
 ('2', '1'),
 ('3', '2'),
 ('4', '1'),
 ('5', '4'),
 ('5', '1'),
 ('6', '2'),
 ('7', '1'),
 ('7', '4'),
 ('8', '2'),
 ('8', '1'),
 ('9', '1'),
 ('9', '3'),
 ('9', '2'),
 ('10', '1'),
 ('11', '4'),
 ('12', '1'),
 ('12', '3'),
 ('12', '2'),
 ('13', '1'),
 ('14', '4'),
 ('14', '2'),
 ('15', '3'),
 ('15', '1'),
 ('16', '1'),
 ('17', '4'),
 ('17', '1'),
 ('18', '1'),
 ('18', '3'),
 ('19', '2'),
 ('19', '3'),
 ('19', '1'),
 ('20', '3'),
 ('20', '4'),
 ('20', '2'),
 ('20', '1');

 
 -- hobbit --
INSERT INTO dating_c04.hobbit (id_hobbit, hobbit_name) 
VALUES ('1', 'Đạp Xe'),
 ('2', 'Nấu Ăn'),
 ('3', 'Nghe Nhạc'),
 ('4', 'Gym'),
 ('5', 'Du Lịch'),
 ('6', 'Ca Hát'),
 ('7', 'Xem Phim'),
 ('8', 'Đọc Sách'),
 ('9', 'Chơi Game'),
 ('10', 'Camping');
 
 -- user_hobbit -- 
INSERT INTO `dating_c04`.`user_has_hobbit` (`id_user`, `id_hobbit`) 
VALUES ('1', '4'),
 ('1', '7'),
 ('1', '9'),
 ('2', '2'),
 ('2', '6'),
 ('3', '8'),
 ('3', '7'),
 ('3', '5'),
 ('4', '3'),
 ('4', '5'),
 ('4', '9'),
 ('5', '6'),
 ('6', '7'),
 ('7', '3'),
 ('7', '9'),
 ('8', '10'),
 ('8', '4'),
 ('8', '9'),
 ('9', '3'),
 ('9', '1'),
 ('10', '2'),
 ('11', '3'),
 ('11', '4'),
 ('12', '5'),
 ('12', '1'),
 ('13', '4'),
 ('13', '5'),
 ('14', '7'),
 ('15', '6'),
 ('16', '8'),
 ('16', '2'),
 ('17', '9'),
 ('18', '10'),
 ('19', '3'),
 ('20', '1');


 -- account -- 
INSERT INTO `dating_c04`.`account` (`id_account`, `email`, `phone`, `status`, `id_user`) 
VALUES ('1', 'lanhuong@gmail.com', '0903256589', '1', '1'),
 ('2', 'nguyenhong@gmail.com', '0936589874', '1', '2'),
 ('3', 'hoanguyen@gmail.com', '0977896547', '1', '3'),
 ('88', 'xuantruong@gmail.com', '0903256987', '1', '88'),
 ('5', 'hutam@gmail.com', '0901236547', '1', '87'),
 ('6', 'ductai@gmail.com', '0974856589', '1', '86');

 
-- role -- 
INSERT INTO dating_c04.role (id_role, role_name) 
VALUES ('1', 'ROLE_ADMIN'),
 ('2', 'ROLE_USER');
 
 -- account_role --
INSERT INTO dating_c04.account_role (id_account, id_role) 
VALUES ('1', '2'),
 ('2', '1'),
 ('3', '2'),
 ('88', '2'),
 ('5', '1');
 
 -- friend_list --
INSERT INTO `dating_c04`.`friend_list` (`status`, `id_user1`, `id_user2`) 
VALUES ('6', '5', '21'),
 ('6', '23', '21'),
 ('6', '22', '21'),
 ('6', '20', '21'),
 ('6', '39', '21'),
 ('6', '17', '21'),
 ('6', '15', '21'),
 ('6', '33', '22'),
 ('6', '23', '22'),
 ('6', '25', '22'),
 ('6', '27', '22'),
 ('6', '19', '22'),
 ('6', '6', '22'),
 ('5', '1', '22'),
 ('5', '41', '23'),
 ('5', '39', '23'),
 ('5', '28', '23'),
 ('5', '36', '23'),
 ('5', '34', '23'),
 ('6', '33', '23'),
 ('6', '2', '23'),
 ('6', '55', '24'),
 ('6', '19', '24'),
 ('6', '1', '24'),
 ('6', '5', '25'),
 ('5', '43', '25'),
 ('5', '11', '25'),
 ('5', '12', '25'),
 ('5', '35', '26'),
 ('5', '64', '26'),
 ('6', '35', '26'),
 ('6', '43', '26'),
 ('6', '18', '27'),
 ('6', '16', '27'),
 ('6', '32', '27'),
 ('5', '22', '27'),
 ('5', '12', '27'),
 ('5', '2', '28'),
 ('5', '1', '28'),
 ('5', '22', '29'),
 ('5', '12', '29'),
 ('5', '33', '29'),
 ('5', '12', '30'),
 ('5', '13', '30'),
 ('5', '15', '30'),
 ('5', '55', '31'),
 ('5', '13', '31'),
 ('5', '15', '31'),
 ('6', '18', '31'),
 ('6', '29', '32'),
 ('6', '10', '32'),
 ('5', '16', '32'),
 ('6', '38', '33'),
 ('5', '37', '33'),
 ('6', '30', '33'),
 ('5', '21', '34'),
 ('6', '13', '34'),
 ('5', '58', '35'),
 ('6', '34', '35'),
 ('5', '21', '36'),
 ('6', '68', '36'),
 ('5', '32', '36'),
 ('6', '52', '36'),
 ('5', '12', '36'),
 ('6', '46', '37'),
 ('5', '32', '37'),
 ('6', '23', '37'),
 ('5', '23', '37'),
 ('6', '63', '37'),
 ('5', '33', '38'),
 ('6', '22', '38'),
 ('5', '11', '38'),
 ('6', '15', '38'),
 ('5', '16', '38'),
 ('6', '18', '38'),
 ('5', '19', '39'),
 ('6', '22', '39'),
 ('5', '24', '39'),
 ('6', '26', '39'),
 ('5', '28', '39'),
 ('6', '32', '39'),
 ('5', '12', '40'),
 ('6', '13', '40'),
 ('5', '15', '40'),
 ('6', '17', '40'),
 ('5', '18', '40'),
 ('6', '22', '40'),
 ('5', '11', '41'),
 ('6', '37', '41'),
 ('5', '32', '41'),
 ('6', '33', '41'),
 ('5', '26', '42'),
 ('6', '1', '42'),
 ('5', '4', '42'),
 ('6', '6', '42'),
 ('5', '28', '43'),
 ('6', '13', '43'),
 ('5', '36', '43'),
 ('6', '23', '43'),
 ('5', '11', '43'),
 ('6', '19', '43'),
 ('5', '10', '44'),
 ('6', '16', '44'),
 ('5', '14', '44'),
 ('6', '23', '44'),
 ('5', '32', '44'),
 ('6', '12', '45'),
 ('5', '43', '45'),
 ('6', '32', '45'),
 ('5', '34', '45'),
 ('6', '36', '45'),
 ('5', '38', '45'),
 ('6', '42', '46'),
 ('5', '12', '46'),
 ('6', '52', '46'),
 ('5', '13', '46'),
 ('6', '54', '46'),
 ('5', '15', '46'),
 ('6', '23', '46'),
 ('5', '16', '47'),
 ('6', '13', '47'),
 ('5', '12', '47'),
 ('6', '10', '47'),
 ('5', '19', '47'),
 ('6', '22', '47'),
 ('5', '23', '47'),
 ('6', '25', '48'),
 ('5', '26', '48'),
 ('6', '24', '48'),
 ('5', '27', '48'),
 ('6', '29', '48'),
 ('5', '31', '48'),
 ('6', '32', '49'),
 ('5', '34', '49'),
 ('6', '33', '49'),
 ('5', '36', '49'),
 ('6', '30', '49'),
 ('5', '39', '49'),
 ('6', '36', '49'),
 ('5', '38', '50'),
 ('6', '39', '50'),
 ('5', '34', '50'),
 ('6', '34', '50'),
 ('5', '30', '50'),
 ('6', '38', '50'),
 ('5', '52', '51'),
 ('6', '43', '51'),
 ('5', '42', '51'),
 ('6', '41', '51'),
 ('5', '32', '51'),
 ('6', '34', '52'),
 ('5', '38', '52'),
 ('6', '39', '52'),
 ('5', '34', '52'),
 ('6', '35', '52'),
 ('5', '11', '52'),
 ('6', '22', '52'),
 ('5', '12', '53'),
 ('6', '13', '53'),
 ('5', '14', '53'),
 ('6', '15', '53'),
 ('5', '2', '53'),
 ('6', '1', '53'),
 ('5', '4', '53'),
 ('6', '16', '53'),
 ('5', '11', '53'),
 ('6', '26', '54'),
 ('5', '25', '54'),
 ('5', '27', '54'),
 ('5', '13', '55'),
 ('5', '1', '56'),
 ('5', '2', '56'),
 ('5', '3', '56'),
 ('5', '4', '56'),
 ('6', '11', '56'),
 ('5', '12', '56'),
 ('5', '15', '56'),
 ('6', '22', '56'),
 ('5', '1', '57'),
 ('6', '2', '57'),
 ('5', '13', '57'),
 ('6', '4', '57'),
 ('5', '5', '57'),
 ('6', '8', '57'),
 ('5', '9', '58'),
 ('6', '11', '58'),
 ('5', '15', '58'),
 ('6', '17', '58'),
 ('5', '19', '58'),
 ('6', '20', '58'),
 ('5', '21', '58'),
 ('6', '1', '59'),
 ('5', '3', '59'),
 ('6', '4', '59'),
 ('5', '5', '59'),
 ('6', '10', '59'),
 ('5', '26', '59'),
 ('6', '21', '59'),
 ('5', '22', '60'),
 ('6', '23', '60'),
 ('5', '24', '60'),
 ('6', '25', '60'),
 ('5', '2', '60'),
 ('6', '3', '60'),
 ('5', '11', '60'),
 ('6', '12', '60'),
 ('5', '13', '61'),
 ('6', '16', '61'),
 ('5', '17', '61'),
 ('6', '18', '61'),
 ('5', '31', '61'),
 ('6', '33', '62'),
 ('5', '34', '62'),
 ('6', '35', '62'),
 ('5', '1', '62'),
 ('6', '3', '62'),
 ('5', '2', '62'),
 ('6', '6', '62'),
 ('5', '8', '62'),
 ('6', '12', '63'),
 ('5', '11', '63'),
 ('6', '15', '63'),
 ('5', '17', '63'),
 ('6', '19', '63'),
 ('5', '21', '63'),
 ('6', '25', '63'),
 ('5', '26', '63'),
 ('6', '28', '63'),
 ('5', '31', '64'),
 ('6', '3', '64'),
 ('5', '30', '64'),
 ('6', '34', '64'),
 ('5', '32', '64'),
 ('6', '36', '64'),
 ('5', '1', '64'),
 ('6', '3', '65'),
 ('5', '37', '65'),
 ('6', '39', '65'),
 ('5', '40', '65'),
 ('6', '42', '65'),
 ('5', '44', '65'),
 ('6', '45', '65'),
 ('5', '46', '66'),
 ('6', '59', '66'),
 ('5', '47', '66'),
 ('6', '33', '66'),
 ('5', '13', '66'),
 ('6', '23', '66'),
 ('5', '41', '67'),
 ('6', '13', '67'),
 ('5', '12', '67'),
 ('6', '3', '67'),
 ('5', '2', '67'),
 ('5', '6', '67'),
 ('6', '1', '67'),
 ('5', '9', '68'),
 ('6', '12', '68'),
 ('5', '16', '68'),
 ('5', '17', '68'),
 ('6', '18', '68'),
 ('6', '19', '68'),
 ('5', '21', '68'),
 ('6', '22', '68'),
 ('5', '23', '69'),
 ('6', '23', '69'),
 ('5', '25', '69'),
 ('6', '27', '69'),
 ('5', '29', '69'),
 ('6', '31', '70'),
 ('5', '32', '70'),
 ('6', '36', '70'),
 ('5', '38', '70'),
 ('6', '40', '70'),
 ('5', '1', '70'),
 ('6', '3', '71'),
 ('5', '5', '71'),
 ('6', '5', '71'),
 ('5', '13', '71'),
 ('6', '16', '71'),
 ('5', '19', '71'),
 ('6', '21', '72'),
 ('5', '22', '72'),
 ('6', '23', '72'),
 ('5', '25', '72'),
 ('6', '27', '72'),
 ('5', '29', '72'),
 ('6', '32', '72'),
 ('5', '36', '73'),
 ('6', '39', '73'),
 ('5', '41', '73'),
 ('6', '23', '73'),
 ('5', '30', '73'),
 ('6', '48', '73'),
 ('5', '44', '73'),
 ('6', '42', '74'),
 ('5', '50', '74'),
 ('6', '52', '74'),
 ('5', '58', '74'),
 ('6', '63', '74'),
 ('5', '73', '74'),
 ('5', '71', '74'),
 ('6', '51', '75'),
 ('5', '1', '75'),
 ('6', '2', '75'),
 ('5', '4', '75'),
 ('6', '5', '75'),
 ('6', '7', '75'),
 ('6', '9', '75'),
 ('6', '11', '75'),
 ('6', '13', '75'),
 ('6', '14', '75'),
 ('6', '16', '76'),
 ('6', '17', '76'),
 ('6', '10', '76'),
 ('6', '19', '76'),
 ('5', '21', '76'),
 ('6', '23', '76'),
 ('5', '24', '76'),
 ('6', '25', '77'),
 ('5', '27', '77'),
 ('6', '29', '77'),
 ('5', '21', '77'),
 ('6', '2', '77'),
 ('5', '4', '77'),
 ('6', '6', '78'),
 ('5', '88', '78'),
 ('6', '1', '78'),
 ('5', '3', '78'),
 ('6', '7', '78'),
 ('5', '9', '78'),
 ('6', '12', '79'),
 ('5', '11', '79'),
 ('6', '18', '79'),
 ('5', '19', '79'),
 ('6', '24', '79'),
 ('5', '35', '79'),
 ('6', '37', '79'),
 ('5', '39', '80'),
 ('6', '12', '80'),
 ('5', '14', '80'),
 ('6', '1', '80'),
 ('5', '3', '80'),
 ('6', '5', '80'),
 ('5', '7', '81'),
 ('6', '15', '81'),
 ('5', '3', '81'),
 ('6', '44', '81'),
 ('5', '33', '81'),
 ('6', '22', '81'),
 ('5', '11', '82'),
 ('6', '17', '82'),
 ('5', '19', '82'),
 ('6', '13', '82'),
 ('5', '16', '82'),
 ('6', '15', '82'),
 ('5', '23', '83'),
 ('6', '33', '83'),
 ('5', '36', '83'),
 ('6', '38', '83'),
 ('5', '30', '83'),
 ('6', '54', '83'),
 ('5', '55', '83'),
 ('6', '58', '84'),
 ('5', '59', '84'),
 ('6', '50', '84'),
 ('5', '32', '84'),
 ('6', '12', '84'),
 ('5', '1', '84'),
 ('6', '2', '84'),
 ('5', '3', '84'),
 ('6', '8', '85'),
 ('5', '9', '85'),
 ('6', '11', '85'),
 ('5', '13', '85'),
 ('6', '15', '85'),
 ('5', '17', '85'),
 ('6', '18', '85'),
 ('5', '19', '86'),
 ('6', '21', '86'),
 ('5', '23', '86'),
 ('6', '25', '86'),
 ('5', '26', '86'),
 ('6', '28', '86'),
 ('6', '55', '86'),
 ('6', '44', '87'),
 ('6', '35', '87'),
 ('6', '37', '87'),
 ('6', '38', '87'),
 ('6', '39', '87'),
 ('6', '30', '87'),
 ('6', '31', '87'),
 ('6', '32', '87'),
 ('6', '1', '88'),
 ('6', '2', '88'),
 ('6', '3', '88'),
 ('6', '4', '88'),
 ('6', '5', '88'),
 ('6', '46', '88'),
 ('6', '47', '88'),
 ('6', '48', '88'),
 ('6', '49', '88'),
 ('6', '50', '88'),
 ('6', '51', '88'),
 ('6', '52', '88'),
 ('6', '53', '88'),
 ('6', '54', '88'),
 ('6', '55', '88'),
 ('6', '56', '88'),
 ('6', '57', '88'),
 ('6', '58', '88'),
 ('6', '59', '88'),
 ('6', '60', '88'),
 ('6', '61', '88'),
 ('6', '62', '88'),
 ('6', '63', '88'),
 ('6', '64', '88'),
 ('6', '65', '88'),
 ('6', '66', '88'),
 ('6', '67', '88'),
 ('6', '68', '88'),
 ('6', '69', '88'),
 ('5', '70', '88'),
 ('5', '71', '88'),
 ('5', '72', '88'),
 ('5', '73', '88'),
 ('5', '74', '88'),
 ('5', '75', '88'),
 ('5', '76', '88'),
 ('5', '77', '88'),
 ('5', '78', '88'),
 ('5', '79', '88'),
 ('5', '80', '88'),
 ('5', '31', '88'),
 ('6', '32', '88'),
 ('6', '81', '88'),
 ('6', '82', '88'),
 ('6', '83', '88'),
 ('5', '84', '88'),
 ('5', '85', '88'),
 ('6', '41', '88'),
 ('6', '42', '88'),
 ('6', '43', '88'),
 ('6', '44', '88'),
 ('6', '45', '88'),
 ('6', '46', '88'),
 ('6', '47', '88'),
 ('6', '48', '88'),
 ('6', '49', '88'),
 ('6', '50', '88'),
 ('6', '51', '88'),
 ('6', '52', '88'),
 ('6', '53', '88'),
 ('6', '54', '88'),
 ('6', '55', '88'),
 ('6', '56', '88'),
 ('6', '57', '88'),
 ('6', '58', '88'),
 ('6', '59', '88'),
 ('6', '60', '88'),
 ('6', '61', '88'),
 ('6', '62', '88'),
 ('6', '63', '88'),
 ('6', '64', '88'),
 ('6', '65', '88'),
 ('6', '66', '88'),
 ('6', '67', '88'),
 ('6', '68', '88'),
 ('6', '69', '88'),
 ('5', '70', '88'),
 ('5', '71', '88'),
 ('5', '72', '88'),
 ('5', '73', '88'),
 ('5', '74', '88'),
 ('5', '75', '88'),
 ('5', '76', '88'),
 ('5', '77', '88'),
 ('5', '78', '88'),
 ('5', '79', '88'),
 ('5', '80', '88'),
 ('5', '31', '88'),
 ('6', '32', '88'),
 ('6', '81', '88'),
 ('6', '82', '88'),
 ('6', '83', '88'),
 ('5', '84', '88'),
 ('5', '85', '88');
 

 
 -- gift --
INSERT INTO dating_c04.gift (id_gift, gift_name, price) 
VALUES ('1', 'Bạc','100'),
 ('2', 'Vàng','200'),
 ('3', 'Kim Cương','300');
 
 -- gift_user -- 
INSERT INTO dating_c04.gift_user (id_gift, id_user_receiver, id_user_sender, quantity)
VALUES ('2', '2','2','3'),
 ('2', '2','1','4'),
 ('3', '1','2','2'),
 ('1', '2','1','1'),
 ('2', '1','2','5'),
 ('3', '3','1','3'),
 ('1', '1','2','3'),
 ('2', '5','1','5'),
 ('3', '7','2','2'),
 ('1','9','1','1');
 
 -- invoice --
INSERT INTO `dating_c04`.`invoice` (`price`, `time`, `id_user`) 
VALUES ('50000', '2022-7-14', '2'),
 ('100000', '2022-10-4', '4'),
 ('120000', '2022-4-19', '3'),
 ('20000', '2022-4-1', '6'),
 ('170000', '2022-9-8', '4'),
 ('500000', '2022-4-5', '5'),
 ('1200000', '2022-11-11', '1'),
 ('870000', '2022-1-2', '1'),
 ('205000', '2022-10-12', '3');

 
-- report --
INSERT INTO dating_c04.report (id_report, name_report)
 VALUES ('1', 'Đăng bài có nội dung vi phạm pháp luật.'),
 ('2', 'Đăng bài có nội dung vi phạm thuần phong mỹ tục.'),
 ('3', 'Comment chửi thề, gây hiềm khích với thành viên khác.'),
 ('4', 'Đăng bài sai sự thật, nội dung lừa đảo.'),
 ('5', 'Spam tin nhắn, spam bài đăng.'),
 ('6', 'Hình ảnh đồi truỵ.'),
 ('7', 'Hình ảnh bạo lực.'),
 ('8', 'Tài khoản giả mạo.'),
 ('9', 'Hoạt động tuyên truyền khủng bố.'),
 ('10', 'Nội dung bạo lực và phản cảm.'),                   
 ('11', 'Nội dung khác.');
 
 -- post --
INSERT INTO `dating_c04`.`post` (`content`, `media`, `time`, `id_user`)
VALUES ('Bầu trời xanh, làn mây trắng. Anh yêu nắng hay yêu em?', 'data:image/jpeg,base64,/9j/4AAQSkZJRgABAQAAAQABAAD/2wCEAAoHCBYWFRgWFhYZGRgaHBwaGhocHBwcGhwcGhocGhgaHRweIS4lHB4rIRoaJjgmKy8xNTU1GiQ7QDs0Py40NTEBDAwMEA8QHxISHzQhJCQ0NDQ0NDQ0NDQ0NDQ0NDQ0NDQ0NDQ0NDQ0NDQ0NDQ0NDQ0NDQ0NDQ0NDQ0NDQ0NDQ0NP/AABEIAQMAwgMBIgACEQEDEQH/xAAbAAACAwEBAQAAAAAAAAAAAAADBAACBQYBB//EAD8QAAEDAgQEAwYEBAUDBQAAAAEAAhEDIQQSMUEFUWFxIoGRBhMyobHBQlLR8BQVguEjM2KS8VNysiRjosLS/8QAGQEAAwEBAQAAAAAAAAAAAAAAAAECAwQF/8QAJBEAAgICAgIDAAMBAAAAAAAAAAECERIhAzFBUSIyYRNxgRT/2gAMAwEAAhEDEQA/APoNVjz+FLe4qTunn8Qbsln8ThYpsbSKjBvXreHuOqC7i55KreLxqFVSFcQzuHuVTgyNlBxhu6t/N2IqQfEEMIeSuzC81V3FafIqn82ZyTqXoLiONexu0rx2KJ+FgS7OLM5DzV38TZa48pSUX6HlErUfWOhAS7xX3d8027GsAzSOkKU8cx0wQDtKpNrwQ0n5ERhXn4nR1JVmYNn5pPRpThxA7nkEhiOI1Pha2AtIuT6IaiuxgYVg1cPNeudTaeY7LIe97rlDBctFFvtkuddI6A8RGgEN3Fln1XNJSQcV77xVGCRnKbfY0WNXnhS2dQOWiMmxkPCvnSzXFXaSq0IvK9ZVIVSYuTCXfixo0ZrTOgjudfJK0CTfQ178rxZ38Y/8rPV36KJZIeMh41HaILnlOPpqnuVxqjtYg4leFPOodEM4dVZDQpKqSU26lGy9ZULTIA9E7FQkZXhlaT+IP3a092hKPJN002DS8C8FeXR4UhWSBzFQOKMGKZEAUbUIV/eFTL0UKBM8DyrB5Xi9CpEs9EqwUBXoCdiaPWhEaxVYERzZae22qLBRs8fUY0XPkLn0Cr/F3iAO9z6BZbrMgfmHX8XNHy+Np6O+qjNmn8aRKz5fvZpIvb0QGz7x2sZfLRMPb4/6PuhNA947TTqToFN2XSQPJ29VEa/X0CioRv0btaRew+i9cEtwYf4LPP6pormemaAyVQohVSnYgZBVDTRl6nYmhY0lPcpiF6KapSJoV90vDST7aSo9wH7unYUImmqGmtFha5R1FGQYmaWFVLFoGkp7g8k8hYmcGKwanjhzyXnuDyVZixFAFZP0cJm5IreHlJzQKDM1oTBb4T2KZGEaDdwRq9BoY45p8J07JOaGoOzl3tsO7f8AyRT8Q7O+oVH6Du3r+JFcPEOzvqpRozx3xf0fdDb/AJju3ONhsjEeL+j7oLB/iO7cug3VITJA6L1S/X5KKyTW4Jdkbg/VPOpLK4BimhjiTrFvqtCrxNgdlkmdxpdc0uzWPRY0lPd9EwWryOqmx0B90p7lGhSEWKjxmGHMIzMO2LlCdYSsv2h4l7qiS0+J0gdOZTsajbMv2i9p2UCWtOZwtlGvc8uy4fG+0NV5kPLZ2BKSqNL3ucTabk/vXr1QqkaLpjD2S3XRu8K9q6rDD3B45O/VfQ+CcZpV26w7kV8VcfRO8Px76TgWk9lMoeik0+z7mWN5KpPRYXszxtuIYBPiG2623NWNCeiZoXgfGzfRVIVW3EooVhnV3dB5KjqzuaqAowidkUhWyoJ6L2qDkdfY/RFLRyXtZngd/wBp+ipMKOWdoO7ev4kQ/EOzvqF4W2Hcf+SuR4h2d9QrEzyPH/Ry6oQ/zHdufQIzh4/6evNDYD7x2unQbBNCZWB09CorfvVRWIS4K7wEnQE+gCNgXF7g/QEyO02SmGgYcNnV0Htq79PNaTXtY0E8gR0GgXM9o1i6OtLLLOrcQY06z2WAzjD5JaSTOyo17yC4jrASUUDkdG3iNPn8kaliWOMBwnquYw+IY9xANxt5J8MuikNMHxiu8tcZ+EyIXM+0WLc5jATcNHq79/Jb3E3HKWjf02kLi/anFZXsZNmif6o1+kefNNL5JFRemzPLYFj+9/ulKzua0uHU3VGksbLhJyzdwHxAdRIPmqOwIeDGZrx+EtOv2XTklojBvZjuJ1FwvadcT4gtfC8KyvDXsc8m3hlrQRcgu0cYIWpxn2fYacsEOAtefmVL5EnRceOTVmdwTHljw9jh12JX1TDcRDwwjR0fovhDHuaeRBXceyfGSS1jtQQWnbqOiica2hdqj6XjX5GOdyCV4LiA+mCD3QfarEBlIEfiEEd91zvsbxH/ADGn8N/LRZZGb7N/G4+KmQbNl3np90liMc9jiWxeLnlyHRIUcc19VzhfM6Aegif33WhxJk//AB+myqO2A/gMe9z2h0EHor8Vxb2VMjTDSBNuet0rgnNbUZJAuE3xun/6gHo1V5DwZ72WHdvP8y9c3xDs76rzFYljAA5wBsYvzRGuDsrhoQdO6aaEVI8f9PPqhMb/AIjtNOR5DdMhvj/p6JfEVQwve7QDnzhVdCZ5k/cKJX+cUfzfVRGcfYjC4UM7mMcfC0Z3crm3dH4rXc+sWNPhAAJ7E2HXRY/C6lyA6/ysNytFoEZiASb+fOFhl4GmM4avlOQR6f3W9Qe0N8RCwsE8ZZEHnH3V3vE6qXJodg+PVxSqMqsI1gjnIuugw2PY8B7XCCB/wubx7WvaGk9eyHgpYSwkEHQjmmpaGpGpxDEBxAHP0Xz/AI9UzV39P+V12cZ3To1mb6yuJxZzOc46kz6rTi3JspfX+xvgeLykskifE0gS7O0GGtuBLgSLrs+FU3yc8FuzpJce8gadl83mL6dtV33svx5tZmR5AqtEcs4/MOvMearli6tGvFJdM2W4ZrDyP3V6jJCX4jisjmlzpEWa3UkQphcQXguIgTYakc5K52dKi6s+d+0VAMrvAtofkm/ZfFBr76j5g6+YU9paBfVc9t9vIJPg/BMTVdNKmYB+N3hYPM/F5SuhNOO2csk1I+kcexzalFjRtF9jyXJ4Ko9geQYzS2R3XS4H2frtbD3MJ1hjnEg9MzRKSr8OLZa4ant8isGKUPItgH+7GYiTlgSbSb6I1firyxrdXA69JQ8S0NAAILhp337IReQ3vqUJ0ZNUEpYpz8rHa5pndbuM4s9mXMfGAABqYGkpBgZQYHeE1XDMJ/ADv3KRq1G/GHEzEnqdU5SrYg9U5wTUJJPyR8FiXM+DbY6I4yPpwbdd0mzFMEtGyzU/QrNLCcXe0kvbmkQBYEJLieJqVHEsdAOrTorMAdofS6XrNDDcnmVWbYA/ddfkorfzBv5wooqQjMwWHeKXhF3bnWOiK6coadeX1WzwzhpqiQcrBZpM3jlzWgfZw/8AUB/pKs0UJNaRh4CmWNM3B/YQHu8ZE9+gXSH2ffB8bT5EXWTj+D1mSfdueebSCPQXSitifHJeBRjHB0yI5/qqYytLwQQXDkkS+o52R4ynkQR9Vs8N4fmflAc42mB4R1JGgVNhGF6D1cNmpHL8TwGz03XA40Q5w5Ej5r6uKLady3OG6AR5kj8XPVfKuJODq1SNM7vqteB7ZtyRqKQkQqOJBBBIIuCDBB5gjREJRDSGaInmF0mSNPBe1NVsNqNbVb18L/JwF/TzXXU8SXshjC2dtT5RquV4J7N1MS9uRkMB8b3WYI2H5ndB5wvqeBwDKLQNSPxHX+y5OXHwdPHKVbMLhvs2Cc9XyZ/+j9lvOIYIaIA2CvUr8knVesbLIcTBQOIS9wc0bXjnz+i8ySURhyvAOkOg9YZb0zeiLJls5rE0PFJ3Fu3JLP2OZpAiBqVv+0rfC0yBO4XOO8Ui3T/lUnas5Z6Y1UwrrkmS68yD5RqEZmCY6iW3zZHHkAWmR3PVJYZgdoYPILYY6GwIu0xGpjVF+GSYuExc05mMtkliHHyJ9SmXcLe2i0iZdmMDlOkdoS9KmWxmkGIuIgKYxSZLTGMHVyGS4Cdloh+YWcHcwsqqQ8BrWgH80ouGwVVsHW6bWIkMe7/0D1UTXu6n5WKJWFM6ujVaxrGj4RlY2BMWiTyFteh5qz6lTMQGzG7fhPYmAUlieKEtN7QVMJjnFoLiZN0rPQ0gz6lVpuwx0IP3RaWNnf8AUdwUJ2KSeJh199iLEeaoDWe9j4zta6NJAP10R3EFuVpyDk0AD0XM08S9pv4hz3/utCliwd0C6DYrBPIhjmnvI/VfPeJ+yuMD3ubRzhxmWvZ9C4H5L6GzFIgxkKoycegklJbPm/DPYXGPMva2kOb3AnyayT6wuv4T7EYeic1R5qu6+Fn+0XPmSOi13Y2UN1fqm+WUhRhGJoOrtaMrQABYAWA7BK1KvNJVcWBugsp1KnwiBzNh6alR2U2kM1MUAkq2Lds0melvXRatLg7WwXHMeunomjTDe3KJHojEnNHP0M8ySOwH3Ra2IGcsdoIM7hxE/QtWuykyQWsaDzMka/lmB9FhCjmqvcfzuJJ5Ek3PolL4q2DkmFfQFRhE+HroPNc/i2BrsrPEOcW5EroDimFrmzDdJAsPNZjcUIIMOt6jn0WUeR7VGUoqRm4fDvBDgPhOnMTfutHE4trC0dYIGyTrY1rrNaGkmAVV+DeXsY8QXzExt+/mm3fZMUkanEMSck0pMACBDgP+4rODoE1S0zqNSt6pRaxjWNmQIMZRIjfZZ+G4RneS5pyAEQXAmTyIWMeRJbHYnh8BSyF7Q60H10EbhMuqhsQ7W3KFrVw1jMujYgQJPZZ9Pg1J72vJc3LBy76AiZTXLauX+EuvCJ7h35lFsZevyUUf9DEc9/FNLTYxyK8ZxGLC0QsylUJGnp01Sb6xvfXZehihZy9nS0eIZjYhEqVX7ELmsAwlw5LfdRe28GD903FDzkBfXfoTE9Es4OnNJ0sZKdL5C8Y0EW1QqJcmwmDxL4h1zz591MVj3siWEg6EEH5f3Q3PtCDh3mcjtNlDXk0jyNdm5hmPcxr7Q4Bw5wRN+quzDvcRoB5z6AJjhNVpphn5LRvG3lsmy9rRNyft1lUki82WwnDGC5BJ5n7f2Txe1th1SIxHl6fZCdiE9Ii2+wuJxBvCHSrO3dfqgsdnNtBqdkwxrJh3i/0tEn10CTGFZWgyYgXntqsTDw4wTY3MHToU5x7EClRJyZc5DBJJJzSTpoYB2K5bB4tmfK5zgCZ77Btljy3jSKTNh7gZYQS2QZG42n0UwdSix7m5LjcibEWXmKfABymLCBrHMpfGMcwgsLQXWLXGSTtC5F6b7It+BgYCkHFwZmlwcL2bdMvDS4EtBEQLS4E6rzDYckeLwui8aaaq5pkA5TfnsolK2K2WYxpkOvF/7IgIAOU31Pfkl6Yc2xOslEpsA/F67/oo2uwsjHCR8yvadJrS53xEkXOoQnAk+GAB817JiDBJ+SdtCsN7xvMKJT3Y/Mf9qiP437DIQwWALabi17ZdEyLtnSJ3WBVwR94WBsw6JdaTvoutwdB9VtMmCBlB8PLryXQ4jhIFPOwNM3M3sNHNPNeumKjlKPAXsY15b8Q8Q5GbQum94wNY4tEBpBHIxy+SzOJ41zqBdmMBwA6uB25aLnsRjXOEFxtt0Q2AY1mF9xALtOk3CHUIYTl0k+iWY8EgHt6o5b4soIIm5j5qboVEdXGqI5zNZE7Sj4bBtdIzeUfdetwoJLTsLEpZIdaEWYpzHZ2G/wC5C6zh2Izsa8DuORGo5ELl8TQDHCND9VscCxOR4GoJ+HQSba6b/JKMiUzXfhy8mY8g4a/JeO4YBrJHcn5RCbHERPwWgRe83zeXw/NR+P5M9XfaPuryibKLKUcCD8Uxs0WHnzKO2kGmGtAHkJ+6RrYl7hcwOTbD1mfKUo2iJ0891DkjRQF/a9wd7umBmMl2UeQHbdZeD4e7OHuaGx6hdBjcKXU2lhJcwzckkgxNzyIBhY3uyTmLzyIF57Ln5pO6XkzlcdGm2i14vJQaeGpsJIbL9RN7oT8wYHNF9IOttEakwkAkEO7fToue3WuibYSm8EHQEi36JN2JyuiZ3smmYaNRoPXy5pF3DAXAQWtBzczJ1upjV7E7CfxReS0tyiLHmg1sRzsNvJNfwuVoaHA63cL9LBL4nB2+MXsP+7mTyV/ElplsHXZAEnrO+/kmK1RsTbLadZWLhqFVrCA9jnNcc0iBcWgwPFomOG1nuBD2xEgwZCmUN36C6Gv41n5HKI3vf/bf8lEa9gE4VxQtw3hMODbWHO6e4Fxc4nMx7coDdQbyNxyXI4Su9jRpkcIseZ5eS2eAvLH52mx1XqKSC9gsZ4HvYR4C4wCIJBsYCyqzjly2ytNiG3Mcyuo4zXa8B4y5mj/cNxosFjmvcb2Bk7bW+6YzIYTMRcnfnyWhRadB8RkFe1mNsZE5vktGgwatupaBCeGLha45rRa7w6A23+qq2j0RKbJJEJUiqMri9QnIPCd5GqeweGd4XBsgiZ/eiVx2DJe0CBrbum8KKjWht4HRGicdmwGFoEgjuoCsh/FC2qym+fELTAidPpHmn6TyTAEnkEpI6IvQ098BeYag+pdvhb+Y/Ybo+H4cSZeYH5efcj7fJaDg1sCeg69GgfZChfY3OugNDh8EeMntA+V0DF8EaDnp/FfwEgSSZkJ8PG2knoDGvfyXhrRb7R9k3CMlTIk2+zjanFHMJDmGQYyxcHeZRW8QBmbEC4i8fuFs8d4cajC9jR71otzcOX/dyXz2njHZnPyEkS1wNoI5jdc0uGn+GbOnHEMl3G23Xl5ozajz4oMEbmD6LEwDGPaXuJLQYg20Hor4bGOeXZTZpADG3J5CVlKJNmqKTi6S8BpiOel1ZlItiPGecWb1toszGVH5mtbSIOp/KBuS4pxnF2MBABaOgsYjZS4urHoaqY/IWNexsu0tPQqUHtJLmwJ+IRYkfQpdrGOeH5nEuG/4R9k1h3MaDlIcByuSd7pNNdBZf3LfyfVRA/mjfyt+f6qJYP2GSOSGaco1Ol7Fa2DzxEGElh3hzRs4cvktXC4six037L0ERFFKnD6jt7IPD+FOeCQ6LroMXxKmGZWyPDrysl+DY5oY0WnQ/qrvRpijNxvCsjA4uJuPmtvB4BrWy2b/ADU4g73rAGibg8rBN0SWtF7JWNI8FEpLDWqu81pB87rOpuAquk80DEMc8e/ZbnutymbaLNxFJpe10i066nzTjagmA7XRIRnYdmbGOcQCWNYBOxLgQV1bGNbIaAL7AAdFy2AA97XdqQWgdYC3zU15QCO0j7LRAHq4jK0kRYb/AC73SzKobLj4nAS47lx+Fo8/ogOa5xy7TJ8kcUxIB0Z4j1edB5D6oGi2GkCXGXO0GwiJN7BoED9U0TbtvMdrx90u5+U3EvMQ38oGk8gNeqK2m8xczB01+en06JMo9pP3F41Ow9dFzHtdwYPa6tTmY8esH/XpfafVbm8PzuI0BcyLcmgwnGOkFpYYIg5oAIOu5SdSVEyifMcDjHFuQjSQS1ttLyNAi4KuWVQGNa7wlznXBaZ9Jgo2MwLaNatSBIO2sZXCWmexjyWdTGUjxOLz4ZbawMCy5pR20ZPTH63vC743Br9R0P0sl3UwSKbHuLh+N98o7br19NzcxBlxgG+kfmEbLOr++bmeIJLgA6OmwUpXqxWzcDKYIpl5zkkOuQSefZMMd4H5CABYkgtNuy4zFveHS53ieAG6TEjlouop1/8ACcSXBzXTc3dNjJTlClY7A/xb/wDpu9VEP+J/01P94/RRTj+EZIJh2RB05plsi1r7oFOqCIix57K7DFiuvE2jGi1etaNVShVhjvS2vdEfTBEhI1gB906KfQ3g+IuAi6a/mboiUhSfaAR5hGNO+gRSJobfxBxFivTUOXNqUu3COiwTJp+EN00uptDMytjzJM6dUsOJuBEO7J3EcPDZJdIv5Ha26yhgXOggiNuvMhCxezE1eF44DPnky7ULreF4oPYwiwgsPSCRfygrisNRDSRBjWSu59laIOGktjO9511iG/8A1V2m9GkR2lABJueXM/8AKMykGtl5DTqSYkk6kT9OQ8lGUCLk9uff99UvUYJnfnqfVS5G0Y2Br4oAEU293GRfn+Zx6280LBVXtD3klzhlJ6sBOcADcAyOsK1RCoVcrgdtD2KnJ2aYpIZx7xZ+rYGYt6/C+PxNIjsee1sM2Lg67scWz1tZw9EriqJawAH4Tl7sN2+kx5FKU8Uadxdu7fuOR+u6d7JcbWjN9tH5arI1qMgk/wCkmLC2+q51gBYYMnORMxGU7LY9tAalSnkGZhYMpE3fm8TQCZ5eqzvdZn5Jgs8WWNj91E6TOeXYN7wWODXOMuGZ7reIA21ukcHjHFoY6HQ7w5tLmNNwtPEUy4h2jL5gRoRymxuVn5QXtYCW5dCAIncAjSylNEWa9fh1MgQxrnAAEiCOp6HskmAta9paDJsCSQDNiTuj0sYxrMozB2d1u8EhVoV2Q5z5Y64y7cgZUbX6S3Zjfy3nVE72druon/5oz/pPPWBdRa5S9C2aFOkRHI6LWqYNpILbcz+90KnhgGAHbkmM3LREpvwdFlPd5QRMrKxOEl4gWOp6rTe+RsOqSOIjcm5upjKV2KTCOwzRYEg7E/qi0cHlMkyhMxNpjzRadadD+qG5BYdziJJ/fJKmqZiCT9FXG1iLJOkHC4BjmmoshjL3ATmv9Oyo45rtBH75KmDeHu8W0knU9ICDj6bw5oBdB05nyCdK6YsS9VztzEbf8Lu/ZeiW4dgmWw5zrakuMdtPQLg+D0nmoWtEl1rjebBfSWN93TYwR4WgGNzFyqtJ0jbiiTEVpKSqVF7VqJOo9I6Sz3oTiqOcq5kCY0K2emWfibcdWi5Hca9gVlViCbuDQLkkgADc3XuNxbWNLnH9SdgOq5l+JNQHODM2bGxNgPQXQ2Zykoh+O8VzvpsoiW0z8Y1Lj05Ruh4eqA4uA8TgQZIMnv0WJjqrmVC4WMwD0Gtlp5QwAM1+J03JzQUS6OaUn2Xx/EWtaAxggETfNJ3npbbmkOE43O8tlrQZcfDcnYA7dkZ2De8gvDWAPDXX1LgIg+imEpvpODC9jA/M7STNwB2SSSj+kj2Jw0loEQ3xRvfWSEnjKT5yACQ0ZXc5NhB3WkKbPjDwBAJImSdCY5SVjVcTNTM8l1/ARq3l5KI22SU/jXi3uza2h2UXv81bzaesG6i0p+h0zrffAH9/JeOxEoNNstJkE7qU2SLG/I/qjA6KK4kudo2eqSfSIMuc0dNU1XLoLb9tEq3CGCT87/NXGKE1bLQD5c7Ipqm0WHRCpMmfsfsmHCBpfrZGkOhKs6bT+/Na+BrnK1ou3cC/cleYdzIM0zIuZuT57BHpMYyXMsXctAPNZTnaqiGgVbCsJzN8J3tyVcThw92YuIIiI5IlRwBj4hckqnCaBq1Axh1JLjE5GDXzWayYI6L2cwIbmrGTNmTvaC77DzTmIqJnEPAAY2zWgADoFm1XrVKkdUI0gVR6We9WquQHOVFHsrx74F1UuhZPFcbkAnUkeHe83PRDJlKlYtxRr6uYCwEFhBBB9NP7JEV3sLS9xBOaRbNlbA02SmLruDpDXHKQTyM39IReGVzVc9kCS05TGgJgieSTVKzlk92N0sBTymo12a5LZjwE8+Zn6JvDVZZJhrxMmPwyAPJZ2OpPoyyk0NBF5uHECLLzhDHPe14eYcw5uTSNQRylZy+Sbszk7NCq9gBzlh0PWeenJK47E0nvY/KS+zf9IGxsvMSGR4pIzZSRqZH0SmFIGc2yAXnUAGw7lKK1ZNjfG67s7SLsb8ZGgO57JWvhPHIhwMEHa4GhWnRpw0l1muBBAvbb5IWKosLcwdlhoLWgWcDpohS3QWZf8n6O9FF5nfzd6FerT5ewtmmx+W0Ft0/SrkkZhI5jVLMeTZwzDrr6hFZTbq10dD+q3aOlMd10IcORsR2S7qIzSHR/pP6qzZ/EP305q2WeR6FSMFSY7PcDWbrWxALw3QnNNthsCk6ckQ3bY/YphlI/mI5gXUSje12JsrUc4+GBa52v1Sr6/jAdcHloI26p3ECGm/mFnAZoAEOn9krNV5M2wOJqNn4oF56/ouv9msF7mhnIh9TxHmGn4fUX9FznDuBl9drHmWN/xHjoDoT1NvNdfiq8lNUbcUfLBVnpKo9e1aiUqVFZuePegF6q+oqMGbt9UAEYC6+236rleOU3vxNiA2AL75dQOt9F2bWwFy1YipUa2Jh5cYvb7oujDlehLGOLSz8LS12YxMBvwkjzhF4VSyPL23ZUbMg/CPxT/UAq8UJNX3Abmc4WG0gZvIfogsrPpv1ZMGWxAZtlgawBYIu1XsxtD+Mfle1xBymw3lxiCU1Qe1vJodYjTxOQ3vDnsY9hIEHN+AeGSSOUwkxjJe8ZACDLX6gZdICxxM6Lvon3zWNALRqQNiJPmAhVMAGl0AgPsGk+dlMDiqpeW5ok+Im1jEx5BM8VxIbVYWka235jTZPdqgB4qm0Mc3KWRBAP4nDql6dSSyRl1zE6A7eSPWrucMpOYPMg7tLdkCrhyAXgHIbP6RpCF+io8q1RmPgJub5tbqIXvR09F4qpBSOywGGYWk5RN7+SQLBJtoootl2zdDGE19E09gzgRYu07leKJSKNH+GYDYbhe4f4lFFnH7IUugWKpjM4xt5emiwCPD6fdRRE/JDNz2Y/yXO/EXAE7kAm3zTtRRRB18f1QlWSVVRRUUKvTuGUUQDC4uzHH/SfoubwGrX/AInCCdzooos5dHNz+Bap/nh34suu+6b4XSaWlxaCQSJIB/F1UUSl9TAnHHlrwWmCWX5Hx8tEavTAgxeIny/soooXSEZeEEkTeQD5mLqlS5qu3AkHkbCVFFp5YGxT+EGBJAkwOipXYDVLYtlFl6osl2Iw1FFFuM//2Q==', '2022-01-05', '1'),
 ('Nhờ có nắng mới thấy cầu vồng. Nhờ có anh mới thấy màu hạnh phúc.', 'data:image/jpeg,base64,/9j/4AAQSkZJRgABAQAAAQABAAD/2wCEAAoHCBUVFRgVFRUYGBgaHBwaGhgYGBgYGBgYGRgaGhgYGBgcIS4lHB4rIRgcJjgmKy8xNTU1GiQ7QDs0Py40NTEBDAwMEA8QHxISGjQhISs0NDQ0NDQ0NDQ0NDE0NDQ0NDQ0NDQ0MTQ0NDQ0MTQ0NDQ0NDQ0NDE0NDQ0NDQ0NDQ0NP/AABEIAPsAyQMBIgACEQEDEQH/xAAcAAAABwEBAAAAAAAAAAAAAAAAAQIDBAUGBwj/xAA/EAABAwEGAwcCAwYGAQUAAAABAAIRAwQFEiExQVFhcQYigZGhsfAywVLR4RNCYnKC8RQjQ5KishYHFTNTwv/EABgBAAMBAQAAAAAAAAAAAAAAAAABAgME/8QAIBEBAQEAAwEAAwEBAQAAAAAAAAECESExQQMSUSJxE//aAAwDAQACEQMRAD8A6CjCJKhasRIJUIQgCRgIQlIAKuvi96dmYXvPIAZlztgBxQvi82Wdhe89Bu48AuSXxez7TUL3nISGNH0tHLnxO6VqpOT9/X7VtL5fk0fSwE4W83fiKpLRU4+WnopEACT8/VRnOABe7w9klo725d7IcNAOvE8lFc9m5PgAR7hFa6hcc/Lh1TAEa6pBPszMThDmxrnl4EHjyJVhaSGUwRB4zB733Gpz3VZZtjoOJEzxgbqyvR8MGcgwZPSJzQEeyVGvIxDPjlEanMKS6mR3hnuQq2xAg5fpHPlzVu12XzI8E/gbDsh2qLYpVnd3QPJ04Yp4cfg6Kx0hcKIwkHjplvuCt92Lv8iKFUmP9Nx4HRhO/Ly4IlTrP2NykwlIKkCSUqEUIBKCNBAEggggDCOESMJAaNBBAEUxbLS2mxz3mGtEk9E84rnnb6+MTv2DXd0Zv+zfc+SDk5Z7tBfD7VUL3GGCcLeDfzKrWQO8cuH2CbYcWejR6n580R697bb81LQX1a6D15dU1WzOnTgOfz80852504fmiA+cE4FZWp4TxcfT8zzQs1kLiOG55bwrGnZcbvU/YLVXTcsxlr7D56hRrXC855ZehY3GHYcuWwG3RO3lZXPiGHLoMui6XSuVgEYRCD7kaRop/Zf/AJuUWazlv1aeY/RSqjYynLSeWy2t4dnAc2yCsxabGQcDh3hofxDcciqmpUaxYhU85adfY7FT7G4lsEwQcMjUEGQRHMKtwkdRl1HyPVXFmpSMYGRgHrqDyyk/0hFpZjpHZe9DWpAPPfYIPMaB32V2sF2cqljx1IInOCB+fot2x0hXnXMZ7zxSkEEE0AiRoJghElFEgFI0EEgCCCCAiXjaRTY550a1zj4BcSvC0Go9zidSS49ToPZdI7f3jgo/sx9VQ58mN18zHquZ02SY2+eSWmmZ0DROWjR6ch89k1UqyYGQHzzT9cgCBl81UXBOZ0SUcY4u5AaBSWN0HzLb5wTLBOQ+ePkptBknyHzwRaJFrc1j47n3/T7Ld3TZYzjkOQ4BUlxWWSOWnj+gWys1KAFle286ONpIOoqQ0InJHyq7TQWWvu7w4EjIjMHmFtKzVSXhSyUn8c6ttlgh0ZO70DYicQ88Q8Fa3C0Fr2EagjTiC4b7RopVrsoLSOZ8iJnzB81UXdVcx4kxLRIzyc0gOHLfoOqu3mM5OKsbsr4X65kTlvBLSfUHwXQ7DWxNHL2K5rb2YK+NumTxH4XfUJ5OxD+pbO47RAEGWkR0iCPQj22RnXFLeeY0aCS0pS3cokEEEAESNEmBoII0gCRVdDSSlqp7S2wU6Ljvtz3QbmnbC2mrXdn3WgAKpY4NGWu359AkWmqXOJJ3JJ34qHUr4jGg4DcDQKGp4Gczxy5nilMZJzSWO0yzOQHAJ/b78eJTBLT8+ysbKQCOAIUOz0xOeisbPTbkCYz+4lRavOW1uG0sOhC1dF+Sw123e0ZscY81rbveYgrPlrYspTb3gZkpL3QFT3gx78muhFokS7ReNMavCqbXelKD3vRNN7Pj6nvPsjN0UeM+P5I5P/iqZXZUeWtMyDPhn+SqLTZx9TeM+JAaR4mPNWz7CyjUa9hOsRMzKYpsAa1zshJa7gMBJ8N/JV85RfSXtD2NO8xPDaendnw5qx7O1jhwnXNh5FhPpEFQLBSwOdScciHAf0mD44MJ8FIsziy0ZxD2sP8AWJpvHqz/AHKDbWx1JbG41HsVLBVZYX5DOSdDxAPvBVmFvjXMc/5M8UaJGgrZCKCCCYBGiRpGRVfA0J5CFzvt3ehMMJjPQbAc+evkt7eVoFOm950a0n8guLdobQXvJJzOvjnPWIS1elZnaoq1ZBjimqY3P9gk1soHP1TrG5ZKWh+mTPzy6Kaxs5n+6r6WuWatLKwuMeqVqs5Bpz5+gTtam5hMO2GFwz1jFHE8lc2S7gYJGW3E/or+wXUGicDZPLQclH7NP1QLlxswYnYseuksJ0Doy0jotpYRmmbFZCNVNYyFFVP4etoACpatrDGuecg33JgAcSSYVpbz3VEs9GUfTnUY6/r3tDHRDW4mB1MzixEmCHO0AAmQM9IVc60Wj9kKpfi7xgEQSPxB22cjwXQbTYw+Q9jHdQq60XM137sKv2n8TM3+sXQvJ9QAlru7nJjYyFb0HA4m8HSOjhE/OanW26msY7CM4+yqrI/6SN2lv9VMhwHUhEsLUqRl3akd4RMalwDqboniQ0/1J+93BoPIh/8ATImOpAKZcJa4aw6YG7XNzHSc1IvChjpNfr3Q0iZxYmw2fT1RPU1obndiZ44h4jMR82VwyRksh2QvEElhOpMTwOFv2lbRwy5j1Tz/AJ1wnf8ArPJKIo0S3c9EgggmQI0EAkbK9vLXhpsp4oxuLjxhkHLxIXJq1QveXEzJnxJgD0XQv/Ux/fo/yv8ACXD3hc7o64uGnON1Oq0zOiLTRg/NfhTDXEd2JPoOqsGZn5r891AvCWGW6H+ylZym47jykq/ujPOD+n2WXY97t8+WvMeS0XY5/wDmOY7f59lOvF/jvNdCumwz3neS0dKzBV90syAO3sr+i0Qs41poU4CQNVIqFMUAAcyiphF5DuqJY3Tkp9vIIVXZcnjmj6c8WwamqrFJATFYooilvT6SsPYKkPfTPHG3qMnebSfJa++64DSua17bFcwe8M/VGez1419gfimNRI54RBaf+vjKsqDsLHCJAz/pPeHpIVDd9rAeHj6XcdJ2xdPseK0DaUA8OPATInoT5EcE5eKizplLte6hVOpbjy5tObc9jnEfwngus2etjY125APnsuV22yl4IbAI0EzlqDB07/pUcditr2et2OgwzB+kzlD2yDvvqr47R8aDEI5/3RJtjpdEf3zTi1jn0JBBBUkaBKCQ4pGw3/qVTljXbtdmf4SB+XqubudtpOnILqfbanjbg/hLo5gtaFyvfmpvrXPiVQaAPnzZRrXSxh44QR5Z+iKtVLWxOZ9BwHknLBUl5B/DB8gPnRRVyK6xjCAdwR5SJ9Fc3a/BWY8bZHoVXWloa4tG4PpP6I6NbvA8/c5eyNeHmdu2XVVBwkbj57K9YVjOzFrxMbJ2WvpvyWTa1JDVAfd0vL8Rnqch0mFI/wAUBqVEr3zTaYBBPIothTOr5Ee3WJ7gRjMaZSD57IrBYXNw4nTh01PmTqkVb7aNgnrNeLHjIjolLKu43J3FkXZKHaasIft50UG2VMkVOWb7RWmASuX3nTexzK2z8weYJEeh9V0K96T7Q79jTczGdQ54acI+rCNSYUe/eydetSaykwYmlpzIAyyOeyvPXY/JOYorvt4gPGbT9Q3G0jn+QWvui9AAJIc3Y8o0PDof1WMrdmLZZG4qjAWTJLDjjjIiUu77Xhgg5GPFGsz2IlvHbaW6n+zdjDQ5jpkDZhMkiBlBM+KduqWVn0tnuFRuYPeOb8xqCBqNZSLmtbK7TQfEkdzImHcm6wc8txI3U+z0ATTd+9TOFxgicsoBzAEuGfLoqvk4Zzq2VpqBkT84SpBO6jWL6Pmmv3T4K1z4x16NBBBUgTkWFAiUCckjZLtwS1mPYtdTP9RBB56HzXMSwN8fElbftxau+WYicwYy0jP1WObTAlzjnyUa9bYnSHaWBvXzj8uiiUX4QTu4+nyVKtLs8/8AaNfFRTROrvnIKPWpLnFxLuvvPzokO+0+X9lJNOAJyUe0ZNzyn2GqY8jadir0BAY494ASOWYB9F06zVJavO1itb2Pa5hhwd5gACDxGRXaOyt8CqwTk4agqNTg83mLS33YHd8l55BxGXRVlK5qIdixOaebnHwgmFrWNkJmtdgdmosvx0fj/NMzizplLTc7DMveQeZGSas10sGTXP8A97j5SVp33PxJRssYYlJfrTf588cZnZqjSDGATpxMnzVJe1rInDMjhtzVleFpDQc1j6Ha51G0sa0F9N7gx4Gr5yaW/wApM80/WE67aq4LWyvTa59NoeMiQwMJAJwuiNxCuqVajiDDEnIAnP1Tlkt7HODQIneE7ed2sqCdHDNrhkQeRVlqznizgmrYiAY77fwuz8j+axt7dkGEmpRaGyZfTOTTxI/Cen6rW3Pa3uLmPElhjENHc4U60taJMbE+QKPjO8yuaWq4ywNqNc5r26Z6g7E8Z381cXE9zpL9dDxgjKec5+Cl9qKzWsptP77nZZbYAecd7zhKuajli1JIE7mBkTzg5o+wvlXVmbAHJPHb5siYyAhK3jlvpSCII8k0iCi3jVLKb3DZpPkOKlFUPaG0yxwmGwcR9ISqpO3Nrxa9z3OLi6TM7nrwUNzABmQPHPzTtvc5wnQZ5aRA4KoqEndZujw++owHKOZ/TUp+m0HQE8z8yVa1zW8ynRUcRJOXp+pQB2lwBmZ5/YKktlTEfngAp1qcdN48vkquqNzRBqnbOJcDzHuuj9n6ZADhkVz6wM7zZ4x4fCuqdnqHdCnSsNPYLyyAdkVeUbUCNVnv8JKApPboSoXxK0T7U3iqm8rwa0EyAq2uagGRVDbaD3nvOJS5VMxGvi8jUlrZw+/6KF2euk1LS1xHdZ3j10aPv4KzZd+0Zla+5rvbSYBGepMalOHTFuZhwNGTnuawEZEFzgJHSZWqqtwsjgN9fFVNnu8VajajtGOlo/iG56KzvB8NMJzxG7zZEK5GfW7i4+mSftz5y45eG/oPVKu2h+zpNbykk6knMkphkveTw7o67/l4J/E282sF2zvAG20qB0p0w8mY71R5DmngCxrT1g7LaXXRAaOZ0/m/Rciv60mpbX1mzDn6cWMbhYefdaB4BdW7JXi2rSH4oaYOsQAfUapWz0pyt6zSNPD7/OabDVKr8Tpp05/ZRSVrjXLn3njsCgiCJaMzFrtIaInPfPQc1ke0VploB0O0Rpp0VzaXS7UDDnJzg7dT+ayXae82Nbga7E4GeMHfEdyZ2U6vTTE7Zu9bRhbgy3J8ROvRVb2GMtTvsAmX1HVXwOcn0z8lMtjwxoA8zsB91k3RGUBMf8d+ruHRTKwwjPb30AHom7G0Bpdz1PH8/nFM2ypiIA0H9j5SqER6DMTnH5r+iiVacO0mNfKZPJWd3j6+UHwxAfdQLxMOI226QP1RE3wu7DiqBoz/AHuuX6rrfZ5ndC5X2eZ/mtdGUQenyF1m4xAAU6XmdNNTp5JRpI6GieUmgVqKra1lE6K+exRX0kuFSo92WATjI6K4DNgjosgAAKXRpxmVchXRdFgaFEtLwTCerVIChMdqUVE/qTaHw3ooVofgoPeTGFj3zzDCZSKtUGXOIDG5kkwMtyeC5r217diu02azZsJh9TZwBBwsH4TEFx1EgZGUofClqmQ8PHfbIkAwZnMDhplzy3Ce7OX++gWn8BgHWWunI9CP+XNQahlhJJMtAOeeUR5AR/SqulUxPcwmcYwgnKHnNhdyxhufCUpnmcU7eLy7/dV+MrMDgciMxu134SPmqkFonXLYjWJ4LifZrtE6gSx4OYAcDMERqRs4TqPELpN13tjaHMeHA6GddodwOeo1nwWV/bNVxNRo8LhnEjiEeNR7NbpMEQTpnkTwnxS/8Wz4WrqzvmOXX4+2IvK0PfIxYRud3STJH5nnzXP7TRfXeWsaSP4QTHCSur2u7GVX4nAhoEQMsQ1g8vzVXbnNY0sptDWjIlsCTuG9Nyo1rttnPTCss37JuccPHfP7KrrVQ52J0wNBp+vtqpt724OcGNiBAnYdOapar8/M+ScFT6lWQABAA0G3H2SWNkN8QT1j54JVKniZzI+wUmzUpaJGe/Ufn90wFmpQ4zu10+BbPsq68WYnn51V+GgiRrBHpkVU1WYnNjV3t/ZA45XPZmwxnGy39004hZ65KOFoyWqsTIhZ2rkXlnUgNUazPUxqBSXMSBSJOSkwlWbUp8EXSpwnXFKLUxaXhoT8Re0O1VM4VdbLW1jS57g1o1J9hxKTb7aym11R7oaPgAG5K5tfN9VbS/JpDB9LNhzPFym1ecl9r74qWlpZTJYwEEMBzfBmXxr/AC6dVl7NZROPTiNp4q8oXdVf+7Cedc7xtiJ2GvhzTh8INnYNvFv4mnVqq7TdrweI/dPEcuHTZXj2Na4bYRH4XdSHRJKS61M+n3jXlBKOeC45VVWwOf8A5kQ4/UdAX/izyE6zxnLcz7qtT6bwGFocdW4pacs5A0TNopknQ+In1RUaR2MeyXPw+HU7kthcBjaMwIIiHDPOJnxVxgp/xf7yuaXDb30X91s5ETBzEHfdbH/yR3/0t9PySmcJv7JN72kUqZM4SSGg8J1PgAT4LBW+1PtBLKfcptHecPwtzwgnUnfic1fdui/BTI1e/CxvVpAJ/iPpKr2WVtOiWN4mT+IyBPihcjD3zRDGtwjMEk9efFUzXwc+cceq0d+0odB019c/dZ2rROIz1B6rSM9La7QcgdDHnt9lY14ZpkD6H57KDdTZBB2+e4T1vqEiJ+ZIp5KoVJxRpBPLPTw1SrmZjrkfutGR9FDe/BTHFwno0SB7nzUrs7UioQdSPLdSbqV13e0gK7p2EBU1yVe6AtLSOSckFtIZZIS2ghPhEQjgckynbJqU2nbLqU4VSiq28WEhWaYtWhRUxzm93Gs/D+63Qc9z9kux3WwbJ+pS/wAx/wDMfdTKQUNeSqdlaNAnaNjEl0aD1OQ9/RLYFPoM7vUz4DIe58k4m1T17mY/ItB6gFRB2aYNGgdAFqcKTUpkiBkeKkSswbhYcoBSmdnWfhWis9lwknc8slILE+B+1UVC52t281J/9ubwCsy1JhHA5ZvtzQIpUXj/AE6rHdBmPeB4qlpw9k65/f55rd3zZW1aT2O0LT57HzXO7A11J5pPyz/vHulfVZ8VvaSx5MOxaQfz+6zVppABrt8wVvr8o4qUbjMeG3kSsFaXS0t3BVy9J1nkLA5uKRqNuqO0sxPwDc68GjMnwCK7abg7FGUZ/lz2UllnJDjoXZE/hZOceyLRmdK2qS9xI025NGTW/coXfasFUP2Jjw0S7Y4fQzTc7xuq6rm4NGmQ6zoEp2L07TdOgOxWpszslhewdtNSiGu+pndPUfAfFbuzMyCcFSgjhBrUrCgiYS7NqUWFLs4zKBfElRrWclIUe1aJ1MZCrT77uqmUqaatjIfPFTbM1QstlJSntgxwAHlr6ko6TMx19N0oDc9UXwfRAIwEhr5TrUoLBgIFKCIqiNuSJSnlIlMkp4G/wLF9sbsJDarcnA5x/wAT9lsyZOaiXjZw9jmHcR04HzU1WbxWCs9q/aU4d9UYT1Gh5FYq0UC2o5o1OQ3Guq0toBpPnQPE9DuPf0VXgAeXmdI6DU+sDwU5rXUIFnwsA3PmodotUNhu/wBI6aE/YJ+0WjJ7uAgcsRgD38lVGoMTidsh855LSRlaj2k4eZMTxcdh0H58lApd57QOM9c8z6eictL8Unj6Djy0KkXHZ8dVvAEeU6lPxPtdB7Fyy0PbsQJ5nMA+QC6hQbkuedlrNNQ1NnEkdG5DwJkrotEZKYrR0BBAIFNI5SqGpSWhLo6lAp0lNWgZJ0purogozl4MznmpFl0RXizIpFkdkpXPFkz7H/qUzbHww+XnklMdken3AUK3VMTmsG5BPQZpaGfUiipTAmaLICktCJD1RonJRSHFXwky8prElVCkJEnOGSjVzDTPAqS1V141IBM7Z8mjU/OKKefXP+05Hd4h7yTwBeTCzdprThG5zP2HrKtr7rYzh+Z5n1VBXdLzHEj/API9CVEjTV6N2x3cb/E//qJ+5VdaWmS3jmfngre8qPcAH7sn1wqHeVIgB4Ezl/uzH3WsZVVvZOQ45/YK/wCz9lkgN1eQJ4Z5nyUKz2PMDU79d1sezNi7x7pJGWQJgnUeUJaVnhtLksgbECAAAOQGg9Z8StMxqgWCiQB3SOrSPsrFqJCt5GkoOcEjEikeCOlqU216XTOZQKeKRU0SiUlyCVNtbkVAs74Vpa25Kla12IwCc9gSpq4sXVYaT0Hufso1i7zi/wAAo9sxhn0u1Ox2Aj3Kl3eyGhFhy9LKmE+E0xOKpCoyU08pTimXuQRp5QhJGqcTJKcY1+cVn78f/ln+LX+UCT85q8tOizHac9wdHewU1WXOLdXmoBzJ8v7qK1v+bH8fodPdFbf/AJfnEp7/AFRzj2Tgo7SZLp6eYB+yDAH0wDwwzwIzafZItX7/AI/dCzfQf6UclwbuVpJcTrnPWF0vscwB5B/eaHjqHOB9CFzi6snv+bLo/ZrKuz+V3sxXEa8dFo6J1RqOg6BSFTMcIkkIJApQqn1O8PYKWodX6z4ewS14rPpSS4oykFQtDtAVXjwkq2rqht6J6dnMKrVS7Lip9nbkqml9Y6K5op67p5nSSxLJRNROSMlxTTyluTTkEJqyf/mrPw+y0N7PIs9Yg5im8g8O4Vy7AOARaUf/2Q==', '2022-01-05', '1'),
 ('Anh yêu ơi ới ời. Anh đang ở đâu?', 'data:image/jpeg,base64,/9j/4AAQSkZJRgABAQAAAQABAAD/2wCEAAoHCBYWFRgWFhYZGRgaHBwaGBoYGhoaGBweGBoaGRgaGBocIS4lHB4rHxgaJjgmKy8xNTU1GiQ7QDs0Py40NTEBDAwMEA8QHhISGjQkJCQxNDQ0NDQ0NDQ0NDE0NDQ0NDQ0NDQ0NDQ0NDQ0NDQ0NDQ0NDQ0NDQ0NDQxNDQ0NDQ0NP/AABEIAQMAwgMBIgACEQEDEQH/xAAcAAABBQEBAQAAAAAAAAAAAAAEAAMFBgcCAQj/xABEEAACAQIDBAYHBQYFBAMBAAABAhEAAwQSIQUxQVEGImFxgZETMqGxwdHwB0JSYnIUI4KSouEzY7LC8RUkU5NDc+I0/8QAGQEAAwEBAQAAAAAAAAAAAAAAAAEDAgQF/8QAIhEBAQEBAAIDAAMBAQEAAAAAAAECESExAxJBIjJRgWEE/9oADAMBAAIRAxEAPwDVLtp1YZGAB9YESM2mq6jfrP8AzRyEwJ0PGNR51HYi40quVsxkyWhRGXWV1I13RPhrR1u1+IyfIeA+cntplPde3b4UTBPYoLH2UrNwtqVK8s0T5DdT1eA0je0qVKgFSpUqAVKlSoBUqVKgGnSY1IjlxqNv31z9Yjco9rE+8UL0g6RJYBVetc/DwH6o92+s2x213uMSznXgDC9wA3/WtI/r1p219pItllV1JIyCGGk6e6ardhoIbTqAuP1bk8mKn+E1n+PxLKJQQeegprB47EsQA8yAYIgb43gb9CfqKCufLZXBXCIskNkQkxJGq+G/nyNN9Gwcz9YtoN+Xn2AVnVjpJfClc7kaAqYb1TMayY7qneivS+wzslxvRuYAJ0Umd2vq9x8KOs3N71esVhZqJsYfLjFMbkPuarBZfN9aHtFBvbi+XMBQvHjpr5A+0UxYB2Ns+P3jcSMoPeJb5efKp7hJqGwuLL3tNECwBw9ZNTUnjM+Q5MuaNM05e8xqe7j2UCc54QXSvFXlw7jDEftACsi9WYzrIObRZAYSe3lWe7cwz2L2GxNxrd03GS2LlpiAz5EtEssa9VSQQ0HXTqgmyXtnK+NZSXYBFGJYsZuic4XLuVWLhdPu23XlTH2nYlTawaIuX/vLQAgbgriABw1FA54WNbmg0pU2u4V7STT+M9ZP4h7J+FPMjTo0DlAoTaVyGtCN7kT/AAOfhRbW1OpWTzia0p+156Nvx/0io9cS63yhAKFQc5GXra8RodB7qkgi/h9leFFBkLr2AUSnx1buA7iO2naBuSpzBYG48I7TE6fKjQaQj2lSpUGVKlSoDyq90n24LC5VP7xh/KOff9cqP21tNcPbLtv+6OZ+QrFtqbYa+7OxOp15ns7AKDn+11isW1xm63V1zMd3cJ3/AFPKmlxKKISTzJie8n7vy8qFuIxAG4DcBu8aIwGyi++T2T8tPKlbxqS00z5yB6x5KJHmdPIUfsrZrh869WNQDrU3hdiZfugd3xNSHoCoiKndKTCl7btojlipE743A93CoLE3UYaMTyJiR4kajsJq/bT2dnQyP+KzvamDfDsSNUnlu8K1nXWNYs8tA+znpqwdcLiXnMYtXDzO5W7Du760fEu3pHDHT0bZR3gb/OvmkXw0EaEagqSIPvFbj0K6QHGYcu/+KiG3c7WGUZv4hB7yRwpxLXpObFH70/pP+u3ReAvsxdjmGgjMIUSTovZAFCbF/wAVv0n/AFJRmCuswbNl0KxAI/FzNbT74n/UJiAov33YkMSiLwGVbaOST+p286qe3znx+Gw6gt6Im67NOjOsQO7Knccw0ipbpB0guYe9cVChm7h0DOnWT0irKqDo7BQzhtNWAgwahejmx/TYm9fOZUZ3EZixcB2AYtxLAAkyZ8SSmrfC4/t9oaZ007aVFjZ9v8C/yilSTSe2f/iP+avtVx8aaxiEOrhyvqCAJBzEjSWj2VAYjaVxciXVPVdGk74U6w3HTnU8sX8rW72ULlJUAEnK0667iNJHnWuqd7Xu0sYDaUkkK6ZyRE6ZDH9Rr3Y2JBJQEkDPvjerwf8AUKfuYAsqKHYZFK5gBroBPYdKcweCyGS5Y66tM6x2xw5caR8veinXj7OB76GErJEZdNNxWd+vKjaYa2JmBMRJ5Tu9tB06DNdUMpy6fd93YaIoMq5ZgBJ0ArqaqnTnba2bJQNDODJ/CvEnv3DxoOTqg/aH0jN5yinqLovb/wAnf2QKq9q8qKCdW5cBxlu3soxLNu4ju6OWKFreU7jqUWO0ayaAwWynvOEBnnANOWcFzZZ/6IwTvdetC2Js4qo0pzYfRhbSiRr9amp7Oibyo7zUNa7V855CtWABXN2yDTy4tG0VwT2Gmrr1lSAb1gVWdu7IV0bThVmuvQOJEil0WdYfjcJ6NyraHhO6rl9mO1fRYlkY9W8jIeWdZdD5Bx40x02wClS4GoqqbFxjW3VhvVgRPNTK+2rZvZ1y7zy8fSWxfXc/kP8AqHypywXyOUClsygZiQOMnTfEzHZUZ0O2kl9DcXihkciCcyntBFSuz26jfqHuNbQ9c/6AxmxEugelHpGDBgX3KyzlKLuWJMd9F4bCKggCKJLUpoIstKlNKgjfSa2DZkgEB04a6sAffUPiLfokt5AwhW9W6UU5LqiHggN1XO/lFTXShowz67sp8nU0DtXD3GRRb9LobgPo3ybyCCdNeMeNCl9vcRiWFlGkyXvKeswJKLdjUGSf3YrvYmIJZPWgz6zu3rIjj1mPbTDPiCqobTghmYH0gzHMHJWeQzGP0ilhUxFsg+jdoM9e7mG4jy1nwFBd8rWaZjXQnjPEcOdR2Jx72wPSICrSJTMY/VPAz7DRuHxSPDIwI13d06jhQ32U6yzIPdHPTj500BlXkD+IyQe1jOlO2mksOTAf0qfjTkaUBA43aXo0d3JGUEnQxoSPWgDgaw7pJtt8Vd3km44Ud0gLHZr7O2r/APa/tb0dpMOvrXDJIP3F4EbtSRr+U1mPRy1nx2GQnTNPiqs3vFK/6eJzx/q9YbAlFVAskjM/dEAeXxqw9E9iqkuRqST3U/icNkAIA6wyH+aRHhNTWAhVArn+1d1xBN1oFR93FIRDZY5NHxo68QRVD6WbNdFe9Ya56SB1Q75NGUkqkxOXMI4kijJWcnoXtfCCC1nqONQAeqezspjY23S/Uugq4Ma8YqtbH2hiVRXvA5HcqoKkMBEqzTrEyoJAOg35qsX7CrkPxHGnrsvCllnU2XmhMS+ld58o1qPxmI30GqXTC6MjfXCqDhPf/YVZOmGNkZRxqs2dAO4mq5nhy/Je6aZ9lW1WV71vNqULFPxBQQ5GnrAEMOYDD8Mals0fu5mQW0j9I+dYF0cRw7XEkOpGUgkQWkgkxoJGUk/jA7DtPRrEXHwiukMCzZM3VZVgQCo0MCBoacS1P1Oihbu0EByrLt+FBmPidw8TTK2A/wDiM7/lytbTyjreJNGogUQoAHICB7K0lQn7Re/8B/8AYvypUZFKgK7jtoM9p0NxiCPVuIQ28bmEie807icX6W2oyBz1mGQC4C2QtlYLqhlRv4mONS231tpafMpkhgpEaGJE61EJg0OGAyZgTbeAG3vb1MKy8+dJpIksbJlD1cSAFy/dN0awRyYme+gNjh1uJNrIMyzFvKOsl5W1jmB/MOdeW8QypkFuFLKxGR/WGUDU3J+6unzpWEyMGWyQQQ3qNvExobv5j50C1dCsjwqLOzVzI6yjHeU0BlWOq7t4HfTD468qq7BSummRgdQd+VmPsNeYTbaQqtvWBoQxMaero3so612VIWL7KzhhPqnMo01UDVd43cJolHBWQRlkmZ0gE0NYxSM7kOpGVCesJEF5kbxw30Jibs2nI0SW3z1id0j8I3nmB302mN/ahjDdxs8lCgfhXeviQSSObVTEvsl1XQlWRgyniCpkH+1SfSTHZ7rOfWPrHmXJdu7VoA4BRUKugLHwpQ61/oT0luY/MHtqvosplSSGZ84Jg+r6u6Tvq7bhWa/Y0OpiD+ZB5Bj/ALq0q6a59yS+HZ8Wrczrk3Kj8YM1EXHoC9e1rK1Rb7IDsN8SGA4SCGHtFTa4IW0k8KL2ZanUjzobpRey2yBx086adVTG7SBJggDdJMCoDHtiVlkZXTlpPhwNObY6PelysHKkLlIILLlJBMCR1j367qr22caLByWZVcgWDxYR18u4GJJjmK3md9I61Z7QO2MW1y4SwgjSO3jXCj3RTFoFmnjNFRJ0qvpC3q59BLU28U34beYbtSnWEdo+VaX0LtlMMqHgWMcpCk+/2VnvQgEWL4G9soPczbh/ISf0+Wn9HbWWyp/EztryJgewCiMbSsV5XprytJPYryvZrygPNvrNptAYzTmAMfu3iJmDMaigtga2V/Rb3/lXL8Kkdq3BkcSD6siRMMQPcareyznwuSTmZHgAwTluvGvDcKV9KVYcTaIWRGjJyP31n2TRqYUxrAquYg27aX+sqFw8kbyc7lSSNdzb66w211FsM2IJORAZLTmVyXMR+GJrF+SQ/rFhW0QFnmAdxnfp7qENhcqtCkg741lXCiPAkGgbe37KhFNwsSytmaY1MsCY0K66cKbPSWwFIzE9ZjoCfv5hu7qf3z/pXkNX8DnuublpjCrlVMuUBXuAMeuCx0ndpO6dTD9J9pPatuqO0lWlW1yBiAH13aSFjfw0DESGL6Rlr5WyFYOAiNBO9tGjsLHwFUbpxtMFWw9ogy5a7cZpJbiJOh3D3DSnLL6azGfYhQzBRuH19d9D4lhGUbvr68KIvXEVdDm4SOP5QeWup7e2h8BhWv3Utj1nIHcOJjsANP1D91qX2WWPR2MxEekZjryEAewe2r3deofA4RbdpUUQFAy9w0Huo1XzDSubV7euzOfrDV69rE16uFnWaHxOx8+rMwYaqQYykag1EXdtXrBy3FDoPvAQw/UB7xQv8fxa+Tv1/PxZE25kfIyEaetpl98+yovbGMF1lUbgZNRl3atq8DDDMQIXl417hQAJoY1Lm8s4exRAWsh6R4kPfbLuBjx4/Lwq6dMtuejXIp67bo4DixrNxqar8ef1zfLqXxBGHEa9nvooqR3nTu/vTFpdAe33UWp0bvB9g9mlUQXj7OERndC0dUjU7gzrJAntie3trVrdorbQI6HQnWSsEncV+tKwrous3WhmVguZGG8MpGhG4gjQg/Ktj2Hi2e2qsMroIYcIZmKsvNTr4gjgaGNJTJcO90H6UJ95rw4ZjvvP/CiCn1r2hMN+x/5tzzFKiaVAUTb+1Lt1mAsXIUwCi3CVy6EyBrIHdUAu1WRSPSlVKwJn1SxJhZ1kzv0knjWkpg3eD1m3aS5Gn9NQtr7PbY09GWH+Y5PCDIXeCOB0mo34vPet/TyiMThb96L4ZGQr6uaJC6HQrHA8Neyo7DbRDlkEZgYOo5KASu+NQJ4kEcDWm4PYORAgyqo0AUEiPGicNsW2h00ngqhR7KL8MrX1jJ8BZvHI/o7txXIYqVbSd6neE3cTvjuqZfo44urlk22nPnYAiZkDKASIiOWutaK+Ftr92e8k++ubl8KNEG6eHwFOfHk/rGP9Ibww5IS5BllATVlg5TmdtJidBqKoGIxQY8WPbMeNXfpxjfS3isBEDM0Aje3rmTHEE97NVVSxmOW0mb9PWj+KtySN8vPCKuIZk6mYUDn2CtM6BdFWtj01wdduH4RwWefE+FM9Duhrl1u3lgjcNYXunj268a0w2QqwBAFT3vviLfF8fPNAYjlQVrFBHg7jRuJMTVdxt3rVF0La10FagNr4UMNf71GJt4WxlcmPxb/OKitr9N7CqcjZ25KDHixEe+qSdKfJ9L9peOP+kILmdjEctPMio/bfSq3bGSzDtumZRe8/ePYKp+1Ns3b7EsxCzooMKO/me01GVXOJPaHy/wD0a3e2nsTiGdizsWY7ya5QVyo1p7Lp4H3VtzncOZBHIz5/8U6zwQeBGtD2Wg08x3jgd1ASOwrpXEIAYDMF13Qx4+Nbjs8ANb0g5ApniILDv13HtNfPdtyrA8iCN3Azp5V9AbHui8lp0MHIFaRIkQDOoIPMf3oY0nxXdDy4+6rfpaD5NHvpNigPWV1/UpjzWRQmIpUP+2J+Nf5hSoCwAgcq8zihi4pu/ikRHdzlRFZ3Y8FUFmJ8AaFxT3YqK2x0hsYdM7sxA/Aj3IMfeyK2X+KKplrorfxdw4zF3biXGM2bKNlFlPuKx4vET2zM8IHa+0b2GvBHc5lOTNMZlOoLdkEHsk0s2avOnqXM7Wk7L6R4bEpmS+rcGWCjKeTKwkeIoy5gxdU5LgA5r1iD3k6HwrM7WNXGI4IjE2VzKw0a5bOjI3NlPE807aq+yelN/C3s2csqNldd4dDPDnAMHmF7ZfC7zn+NXs9A8CpL3LbX7h9Z77FyePqiFHgtHDZtlBCIijkqgDyArm3tDOAwMggEHmDup5LwNc+tWuvGeEsKK5YzXbgUO7xWW0bjBvqs4wHOatt9gaicThQdaOGo221MRzqk4nCETWs4zBgggiqxtfZi5CI1iqZ1xLees9jWkBTzpDEGvUG7y+VW65XFsaiinTTwb3ae6hssNFGMdFPcfjQAwGppxjw5V2yR76affNAFbMth7qKRPWXTmJE9+lbzsG3kCod+5vFQyew5e3SsJ2M4GIttG51J7pE+ya3/AAluXc8BAB7lUT5qfZQzr0lxXQMbqbttI+vGu6EXvgPIfKlXlKg0l6IUPjcsZY5HXsMj2iikaou9czEn67KnvXI6vjz2u0uVmv2r2B+7uDiCpPaplfEh2/lrQHeqb9otjPhHO822Vx55W/pc+VY+O80r8me5qi9HdoZMXYeYDnI/b6QRH8+XyqM6QW8mIuKNBDKB/wDW8L/SlAW72UBvwEMP4GzD31I9JWnFE9rf1KT8a6P1y/jSehOMz4Oz2Jk/kJT/AG1aLRqk/Z1Jwyjkz/62Pxq+WErn3PLsxf4w4o0oTEoakAlMXUrLaKZYptxRd1KHK0Gj8RZmobG4SQfGrQyUJesb6BfLHOkOCyXDA36/D4VEMNYq/wDTDADqv2lT46qffVHxNkh+6r5vY4955pxiF0Dd006okfw6eGtcg7wa6Q+qe2D41ph3fOnl7a4deoO/3ivbjdUH80HwB+Vd2Dm0PGD7NfaCaDPbCT/ubG/103dh0r6YwmGXKNw0Go3bgI9g8qwrobssPiVaD1IaOQnMmvM5PbWw4HGlAOQiT8GHxHKhjSWbDFZ5TTRFG4bFq+47/b3GnblhW7DTYue+kZSor9iPMV5SLlE4swp8vOogmpDHv1QO33f81GMahu+Xf8U/i4c1AdLEzYXED/KuR3hCRU61Re3I9FcB4o481IrOfbevTBEEgjsb4Udinz3FbmP9hoO0ND3H/bTuHM5T2T7DHvrrcP41H7MUnDnsd/fWg20qifZSv/bOf8x/fWgLXPq/yrsx/WPCKYuiiGoe5WaoDuJQbiKkmWgsSlIumA9csk03OtFWRT4OoDbmzRctukbxp2EaqfMVl20MMyKLkRByOORBj5DwrcL9vSqRtXZQzuCOrcGVuQMwp8QQJ4FRprWs3ie89Zm7CZG6m2GjDxFTe1diNbBYCANHH4Tz7V3a8jUctqV7Ru+VVl657OGUbMCOeo7xvFNWbuU68DNcaqZ+tKcvJMMOOvzIphpnQDHWw7IxAdgMk/eAA0B5wCY7+2NDCgxGmgg18/YC9mULJV0IKEEg6HgRqCOBrVOiHSYsBaxJ646quQOtOoV40DHgdx794zrPfMWy0xTsn+Uz7jTt7arqYGcdwB9ppwoCI4UDjLTiMrR3iaEqI/6vc5v5LSqOy3Px/wBK/KlTHVox7agdlANReObrnw91BtXJr29LP9Y4NQ23m/dP+lvcamWqA29cGRhwiiHxiCN1GP5R7f8AiirKwe5QPryoG0eqBzZR8TRtxoVz9bv711uCtf8Asvs5cEhP3mZvN2j2RV1FQXRPC+iwtlDvVFB78omprNXLq9rvzOR2aaYV0DXUU4A7rQWIFSTrQd9KAhL5g0XhGmmcVarzAXOtBoJLFJqOx+zswmJqZRZFdMlEps/2hgJ6p3wQCdQy8Ubnz58edZptXDNYuFSCFPq8QQNdDxgiPlW9Y/Aq4gjuPEHgRVC6XbH9JbIiGXVSBx4MOw7iOHlW865Ut57Ga4hQQfP50wEIgHkD3AgMPfXaPEgjdoQeGuo8/dStDqtx3/2+fhVUEz0d2YL98W4bMql+rG4QetPAzHPUb91aBidjqfR7xmb0TgxMMhKb9xVgIg+NQ/2cIUcX3QtntOqZYLZbTqpJXedSBAk6Cr7gMM7vndWRA5ZEaA7EqUzuBoohmhd/WBMRqmbrgvo8twWVW5JZSVDNozKphWYcDG/unjReK4UQiRQ+LO6nEaGpUqVMJbG+ufD3ChGNFbQHXPh7hQVw1ya9vUz/AFhrEXIFVHb97qN3GrDi7mlUnpPiMttz2GPKiQ+8lZphd6fqPsAqR9HnKJ+N1T+ZwPdQPoSmVt6zv5ZgNDy3USLnXtxvDhhroYIIg+yupw/sb/hsQAAByoq3cmoDZV8OisDIIBqdwyVy12yjEFPxXFta7JoFpt6YuJT5NNXKZI3EW6ib3UYN51P3FqOxez2cQo389B7aYSODvgqKLDVF7N2c6KA7gn8vzPyqSCxRwrqPHE1HY/Ahl038D9cKkmahrz6VqRi1hPTbYpw97MvqXCWH5T95Z56z51XUYiTwOhrXvtCsocM5aOr1l/VuX2n21lmDCgjP6sgt3AgNHbrPhVZ6R17Wjo50x9CllWUsbTPlgKpKPmLKWzanMy7l+6Na2DZeOW9bS6oIDqDBjMJAOVoJEjvrKNp9HlsZsSoR0IUvbZRoCVJe3IjLMyBBGvAkDSeimBW3hbJVQPSItwwANXVYBAjcuVfAU2NTwnA1B4ttaJBoLFnXwoiTjNSpuaVaJP7QHX8BUbfFSePHW8B8ajMSa49e3p5/rEPjWiaoPTC7+7buq8bRuaGs66QnPcS3wZhPcOs3sBreJ5Z3eRWmuqtgKT1mXRSOAIM+zQ+/hFi4dNd26ncajh2z+tMnkeRHZypq1bZmAUSTuAroczU+iG1CoVW+8obzGsdkz51pmzjnAPCsS2IcjohIOVRrrBLM0943RWvbCxywAT7CfcKjrPlbOvCxi1Xhw55+ynLd9e09yt7yIrr0rHco8T8h8aX1h/ah/wBl7a9/ZxT5Z/yjwNNvPE0uF2mmsgUy0CnLgoS6aZu2uCm2uUwz009yjhdPtcoa7crh71DMzMQqiWOgA41pm1SftDxKsqWmYKDmdjpOVFkKBxLMVA/tWe4oBj1FKgk5UkkgGYUzqSBAnjVz6W42xhsbcLL+0X0VVTMR6K00SeqBLlSSYPPgRXfQHo6+IcYm4p9GGJXNvd9SWJ5DfPEjTdW56YqTsbEuYs2rD3MwUIzi3/h2woGZnY+vcMiFiJJ3CtZtYcZQgACgAL2QIEDlAimMNh8ons/5P1yooGnxm+QDpGlR2N3+FTt6zInlVX23jsjCEzwBm62UiSYO4yOE86cSuTmavKiP+uH/AMR/9n/4pUy4u+JJJM1GYpqksUdSahsY9cf69PPiILaj6VRMRred+CKY720HszVctpNM1T8WMqHmzE+A0Hx86rieUvlvhF4ppEEAjtAI8iIoLCnrQAADvAAAPfA18aKuRlO/6AobCDWq1ywVZun057wOPIcu2a07o9dOmp8zWS4Vpukz94+w1pnRy/oJrNWy0fCXJHzM0XnqFwN3dUiHrFbEF6Zd64Z6Hu3aQK/cqOvXq9v3aBuvT4Vrt7tNtcod7vKuDJ30yH4HDm6+VSBAljwA+J7KsODwCW/V1Y72O/w5Ch9g4XJamIL9btjcvs1/iqRArUjFqpbR6CYbEYs4m8GfRYTRU6o3tAlpOup7N1WezhUUBVUBVACqAAoA3AAaAaDyolVjjXDJWmXYAgVya5DcDXbIY0FAMlzwqvbf2cWPpk1dQZTgVMBhHblGnZU+6keNM3EJp8Cj+nt/iYdkbvbXlWltjWyScg119UcfClT6z9RuMeBVax2I60VN7UchTVRTMzkmuSR3uMeYUk8BVN2o+schFWrbV71U5mT3JrPnlHjVOx7Sxq+I5fmvniOvnq9/zrnBrrXuJ3AV1h9ATyB91bqeQ2zjF0zznTt1+NaNsZNxHyrOdnLNzMOP1rWnbAtmBIHtqdVys+DuEDWpJMRQFmz9a12bDcPjWet8GvfoW7eppkbnTLWGO+l0G716hGk0d+yxXDgLvo6XAqWj3V1cIXlJ3TxNcXcTG7QczQZzE5jv4TwHM8ieXDv0pwqumwrpawmacyjIw03oY9wB8akQYqvbBvnMUBBUidDqCI+HuqeaqROuy9JjypgmkriR26ePD5eNMnTtTiX9O3vpplHPzr1AI+PKgHLslZ8/nTCR9TT5SBvrgKN/Dj89KOhx6MfRr2nMopU+hDbU1BquZYmrFjtarm0boRWY7gCT3ASa5o7Kre0L2Z3PBQEHf6zEeaj+Gq7iTqalbpIQT6xlm/UxzH2moi8a6czji3e3qPxBk16+iNPI+3SvG313dAya7pWe6RPspUZcbKtFHBGqn1Sd3ceTVp2w74AEiO7WqTsDCgED1kaI48Ij65Ve8BhgAIMe0VPXVs8/Vlw+ISN/sNEenT6B+VQ9tG7OHEjf4dlOqW/DxjePnWfKnhINil5E+A+Jpl8YOC+Z+VCNm7B3nuHAHmKbdDBOaN24Tv7T4cKXkeHd3EE8Y7qBZs05de3gO8mnzb3wC3CW11O7TQb54cK9NgmM2gM6D3Dw91ORm0EQBqdTvHId3b2+6mMUhQhDqxAdtN2oOXs6sE95qwbLyK7AgTbRn13RorMe2Ce6DReJwYZ2W61sAmEIGS4p4Cdz91UmfCer5QmynCujTEESew6GfCauk1RcTYe08EER2aHtHYatOyMWLiDmND8Prspxmi2BplqcuBgeNMs5pwjgaa79LHb9bqYQE7q8OnZQBXpjAOoj6Hspv0xHOvbL8Dr2026b6cDrPSofXlSo4PIXGbqqPSP/AA27WUeBYCKVKufP46teqreNqHv0qVdDjoE11iPVH6vgaVKlTixdDLQ/emNRoNTAns3VoOHQQNK8pVmq59C0Wul4d4P150qVZaNBZA+uH9h5UQiDLu+pFKlQVcXvvdwPlFMYswo7/ia9pUyM7F//AKbf5s6t2iDoamNqLmVg2oNtDrzIIJ9g8qVKtZZ04xnWwuZtSPRwT+YDN51G9HHIvEToRu8aVKmS3rupu4gg6V7SoAY/H403d3mvaVKCu7A3d9d3KVKmRilSpUB//9k=', '2022-01-05', '1'),
 ('Soái ca là của ngôn tình. Còn anh thì chỉ của mình em thôi.', 'data:image/jpeg,base64,/9j/4AAQSkZJRgABAQAAAQABAAD/2wCEAAoHCBUWFRgWFRYYGBgaGhwYGhwaGBoaGhoaGRwaGRoYGBocIS4lHB4rIRgaJjgmKy8xNTU1GiQ7QDs0Py40NTEBDAwMEA8QHhISHjQhISQ0NDQ0NDQ0NDQ0NDQ0NDQ0NDQ0NDQ0NDQ0NDQ0NDQ0NDQ0NDE0NDQ0NDE0NDQ0NDQ0NP/AABEIAPsAyQMBIgACEQEDEQH/xAAcAAACAwEBAQEAAAAAAAAAAAAEBQIDBgEHAAj/xABAEAACAQICBggEBAUDBAMBAAABAgADEQQhBRIxQVFxBiJhgZGhsfATMsHRFEJS4SNicoKSstLxFTM0ohZT4gf/xAAZAQADAQEBAAAAAAAAAAAAAAABAgMABAX/xAAgEQEBAAICAgMBAQAAAAAAAAAAAQIRITEDEiJBURNh/9oADAMBAAIRAxEAPwDIYiua1d3PyqcvRR3AeUpxb524S2kmome3aeZ9+UW4h5a8RGdoous3YIURI4enqjt3ywwaa1S0V4hrmMq7WBihzcwU2KWHos7qii7OwUc2Nhfszl6g9ZHBDISLHbkbEcwYb0XAFcOwuEBP9zAqo8z4Rv0t0W1hikHWy+ILbtit2/pPd2xpjvHc7H21dMmq2MkqDYdsJNO+a8Mh6jmDcSVDDb+/sk6ZDD0OOyEthlyteRY2Nh7+0mjkDhFGKzhdxGUlTo6u0C3bwhTprC45wWpcbb+75iAXayqu0E8OUHauNlrD3thFM3FuOecCrZfMJgEJWXgO4fcyFSiG2ZHhsvylKVF4QmnnCyGG0ZVqOERSxPgOJJ3Cb/o90OSlZ6tnfbs6i8gdp7T5QPotiqdNXDgBvm1j+YcDy/3SWN6YEawpqGN8mOy3YNpz5RMrlbqK4zGTda8ICbZeHCCY/AIVzAO7ZMLo7pDiPjBmYMGNiDkBf9Ntk1J08rAa4Zc9u0eMnccsT45TLo3wICkKBawAHITUYX5Zj1xAyYEdk1eAe6iCDl0S9KNGCtTdDsZSL/pbardxAnj/AP0HFf8A0nxE9/xVG4ij/p0abQeT42pui6kus/YPYl2LfbLMLT1V7Tme+dn25+ostINLDINMADHvlaLiITjHu0oMWqSNL0Owqkl2I+bIcdUG3mTNpVdbhCFOsDcNsIORHrMlhqPw1VL5hetbYT83rLNJY0hC+1zdFO8DeRy+0bHyyTWiXG27JHw4Wo6qdZFdlTlcgZ9oEKKeO/8AbjKcCm2+VrQtlyzk6qBZLZkT5UJztCgp9+8palI7z3RLTSK8OtsvfdlLqlC/fDcNhG3C/dGdPRrEbPKL7G9WZ/CG9x7EGxGj2YE22TYnQz7dnfPqWEK3BF8pvZvV50KZEJpec0GldDkG6jyiYJuIz2Qy7DQumdZbb7f8jw9IEywugfL6SOJTrc842Jcg6MQQRtBB8JrkZaiqV2Eee8d0ymrGOicUUJXccx2H36QZTcHDLV1+tDoxNTW58b5cBwtN5oipdBymIw7bhwmw0C90Eja6JyesLiD6kIRsp9eZHLHl+eius4G4Znuh9oNgkyLHefIezCTO2OaomU1WsDLjA8e9lmCFVRszLcEAalMEXBdARxBZbiVvQI2wnQyXr0+x7/4gt9IisPNLMyOdU3VvlI9PKJjXYsGJNl8DtYjvt/pjHTQRNYBtdiN35SbE5/qGeQ74uemVKpvVdZrfqfO3cAB3QQDbB2IJ8c5YRfYJzDJZQJcg4e+33x8FtPI+Sn3nhHmi9EFrFuco0RhddxlkPfv95t8LhwBsksrtXGB8Lo1FGyHLhVEKp05b8OLowH8KDukWwY4RoKciacOmI8TgVI2CYPpHorUYuoy3z1GumUz+nsGGQ5TTgLHm9MZ347ffaJzEps7PoZYV1SOwlT9PpPsbu97bCVxqdCqJdh/mUniJUsmsdLeq2mDTKP8Ao85C2mZ6PYwOpQ/OPMcfvNLgOoewzlz3Lp2+Oy8tOjdk7rcoPRrjZJ/E5RfY2WM28QRLACdtJ2nLT0HmIERTpKp1uRjd8gZncU93gpo7UxjHaBGPRfC/ErjdqgsTa+3qDvu/lE0faAxPwaNasPm6qJe/zZkHtsWB/tingvHYdamIqamVKhYE/qcvYk9pbWPKmIro3dyeLax5bh52jepS+BgQpFnqMGN9vWXIHktu+8D0cll1jy7/APj1i2mk5HMbSyhuA2k2HvhYEwRXuSe6POj2F16pJ2Ll3m1/QecSnkafQeB1FHE5maGmsVtUdB1ELHyH3g7Y7EjPUt3RdHaRJYizL09OVF+ZCRyH3jPCadRsiCvdDptnyplIssjQxIYZG8mWgbQeqkV6Qp3UxtVaLcXsMAvKdKU9Wow/mv78INjti+99/pGfSFLVj25+Ri3H/KOR8g0eJ5AwZYplJMmrSiNi5azIQyMVYZgjdNHhelxWwqJcbCynz1T95l3OXh6yuq2UXLGZdjjllj09YwWkVdQ6MGU55eh4HsjD8cJ5Jo/Sj4dldc1NgynYw1Rs4MNt+e4zR/8Ayuh+mp4L/unPl49V04+Tghn1pK0+tO9wBMa9kMQLT1r8RnG2mXsAIJoxLhzyH1i084gPUsO6/eY1wyAmlSKnUH8RwN42m/d1f7hB6OFDVlQ/KSGb+lblvIEd8Z6KOs71rWVmKL2CwYDPs1R/bFp4v6RYparIEBsSTY7bk6voLd8oY7ANg889vrKne7u42L1V9B9TLqS2S/h9POJT4pqQP7Rfm24Ta9CsJ1LnaTmfXzMxCLfVX9RBPIGepdFaFqSdov4xafE31AILWxaLtPp6nKMalO4mfxuigzkvdgQRnnq8Co2XiqQZSxVJxlY/4nyBvOtg6bZgeEyOiujtRXXXbVRG121R81tylev1ssjbf36rBq1ytmttBIIvuzy2+vdBZ+Bj/pjgaQXZC3yguDaWY+paKYo0gXN9X1mfxq4tblSSI8xukUpKWc28TyyHKLMR0jpklcwQATdTYa2y5GzbGmy3TDY/E1Gq/wARSDYjZY55SrHj5R2N/paONJ4gO4y3+/oYlx566jgpPiDKYpZTku1pNTIfc/SSUR0k2b1ErqcO6TYSvX61+HW/xz+kzNDonSdGmpp11DJUbWF1DKNuZB7LZ2jD4Wj/ANVDz+8wdfGa+rlq6q2AvfPLs7JLVEnlhuq45cNLafaslaRqNZSZ0uZndLVLueyFaNS1MHiSYrxD3YmPsLTsiD+URD3pQ/VDkfMV1O5j1p9hMXqIF32vt/MSTe1s8yZVpJ9UDtyi25YzUcejNDqoovmzXPgf2jRk6oXft8NvmYrQXcDhu5AD6Ry65nsUDxuTJ1WB8OOvfbbLvynq3R3/ALSf0j0nmeisMWY2F9/0+k9K0Fkig7RceBi0+MP1W8g9GTpGEARDFpw8l8PKHMkHqMBDGUIlpVjVuRLw1zIYkbIbGJdJ6NR0ZTrWbM2Owg3BF9hmcqaLWilQIt2qCxYkWCjYqqBkM+3ym5ZMon0sgCmDdjal7eeinqtq3+UeZ/a8VVn1nY9lvK0ZV6nzHiT9hFSfmPu5jxO9q7SawWtVsTzkVxIjJUVUb09c/pAqzWU/zZDkMyfQeM5VxN8pUzX3++EIqdWXapnNWWWmDbWWg2k31UMJ1uxv8W+0WabqdUASlSk5ICLm3HLxmnVcgOH2mcoLd1H8w8jeaRffd3xYbIs0wOqp7fpF2GzYDdfPlv8AfZGmm16g/q+hirD7L9nr+15sjY9GWjxrVCeI+ufoY5LX1zz8h+0W6JTVueGfebn7Q9Pk5g/T7mTqivC6SqUSjIR1ro1xcW1vW156F0OxrVKIZzd9Zg1hbO53bsrTzKpmg4i7eBP3mx6CY4CpVpE7TrryNr+qnvi5Q2N+npdKFJA8OYYpiqPmEBcDXN8govns43hpMor0FbbthHc+wWBx1Grc03RwMjqm9uY3QjFkG2UqXAIrAoFDWI2Wy2nZylS0zr3Y3IyHI8OGyLuj8RbplMj0txOojW2nIczl95rnbKebdNMVdwg3XMJWWrnqnlaDAWXn9r/SEVzkO76/tKX3D3v+8aJ5AcRR62w8x77ZV8PtPeMvK8Z6t58aYlZEblyWWPFTzsOPI7581MD5kI7Rs7hl6xi2HB3SH4W2YJHI28xCHsXrTByVrdjZcN+zjJfhn4Qp6R3gNzGfiN/O8j8Nf0t/kP8AbBo22sUTOdJKl6mrwE0ibZj9K1Nao57Y+SOPajAC9Re/0M0C+/C8Q6LHX7j6j7x4je+6CHyCaYW6cmv5GKaCE2G7f3fsDG+lz/D7xAMIm/2PeUXI2HRnQFkPbs7/APgQtN68AfQfaUqPlHeffdPqL9bu9SJNWxRROS33XB75dgMQ1OvTdTYg6h4GwNr8brl3GDPlfjv7ePvthOETWcdtmHMZ/wC4d816HHt7LorFh0VhvHh2RqrTG6ErFAOG+ajD1gRJS7VsdxuKCLrEE8gT6TM43pgimyhieOo32mpqJcWibE6DVjewmq/g/nv5Ey9Lk2sbcxaNdFaZSrsYG/A7YHU6NKT8o8oXozQiUjrEC+7LMd8E2v5p4fX49mWNrhELHhPI9J4g1Krv22HL3ebTplpQBRTU5nb2CYFN54CwjRwK6pz5f8++UGD3I7T6CTdvm7h4qR9YOj5+++UieQ5RmZMLIrLZVzXtDVn2rJWnIQQZZz4fZJmdvAJuWspbsPlMRWa5J7Zr8c+rSc9lvGY1jDWwgnRfzMez6/tGIqRdo4fP3fWHok0HLtzHtdO8fWVYGnfbzMtxqnUAHEfWW4anYWG0+/fKJlT+OcLb3v4eU4ozJ7B4m3vwnWbVzPv3YzqiwuefefrEVU116wI33884ToVNZwOHsesCq1etyHpl6zR9EtHmwc/m/aDK8Dj21+jqfVEY0ahQ9krwdO1xwPqAfUmHfCBEhyrKOw1YMMoYqiIAjKbg2lw0g67gfKN7No1dZnek+mlw6ZZu19RfVm/lHnsksfpxwvVVQeJufKYDSdRndmdix2knyA+022sLsXiWcl3NycyfewfaCo3UHab9xN4RiaWsptv+n/MBxTWAG637DzjQtoV6m/tHidaVqbHvP+q0iqkgixPWGwXtkbeFhD6OiajnZYHeftKRKrFOQlqx1gOj7EDWz8o7w+gE2ao5+9sf3ifpax1pErNu+gktmo8LQOvoBDsFuRm94HpWSInI5xOhnX5esPAwP8E/6G8IfaF9ao0y9qXMiZVjNHp57Io7ZnGMOXbY9DdGbG5/aM02RZo75T/V9BGKNlDAvavE5gDi30MJpbL7hl4bZQ4zEk7/AJRy75PLtfCaiQGtYHYTny228rd0niHtc+7n7SKZd3lvz9TCdF6KfEv1bhAba1vmJ2leMU6nQ+jWruAB1RbWO6223fPTtHYEIAALWFpPQ+hEpIFVbACNvhgZCSt3RnAemvWPIfWFIJWg63cfK33hQSAdqXWDV1sIcyQaus1gykeOXKZDFiya5/Mdc8mOQP8AbYTY6aTqBRtqMEHI3L/+itE2kMAXvl2gcdlhyymnA72z+HF0dieIHZf/AJE62DBAy3S3EYZkNrXRyDflnDsLqEdVtbsCk+QjEy6D4DRwGZEe0KA2Ae8pQMPWb5Ee3FgqDxYk/wDrJJofFPtqIg/l1nPj1R5Ql0Oq4inSW7tbgNpPYBtMFo6Ur1TelTOpuJG3+64A7iYZgOidMNr1C1VuLm4/xG7sN5ojRVQAAItppizS0MSTmQPA+iCW/ha9s3T/AA//AFHwSQZYY1IWwLna47kH1Jlf/S2/W3+KfaPWWRtCV4z0gf5REjRlpt7vbgItF5fLtHHoZgvl5kn0H0himE6E0JWrqNRer+psl7t57hNbguhC7ajs3YoCjlc3J8oLlIMx2xY1mNhny4ngN5jXAdHcQ+epqji+XOy7Z6DgNDU6Q6iKvba572OcYCj2Sdy2pJpkdH9DE21XL79UZKee88r27Jr8JQp0gAuqANlrSaJxELTDJwES7ptqHx6jYRBmxxOwGNFwqcBPjhV4TaHcLqNZr3tDkqmfNQAnQsA8J68FrGEASt0mYnxAvXpjglRu8Gmvo58YR8AbxK9IMEZHOxWsx4I/VJ7m1CexTCaj2gYp0jggGXV2EnI5i5sIxpJqj5Af6bfW0FxrE6nENfyPvujCi1+/OZq+/EqPmUr2kZeIy84ShBz+k4o/edFADNRq3zyyHhM0XKBIMetJC433gzVOt3QURAlTidR5MiGVrApE5aEMkhqTewer8/aQe7tHfRLo+cS+u4IpKc/52/Ty4nu5JUoNUqhE+Z31R3naewbe6ey6E0elKmiIMlFufFj2k3PfOjK6Qxg7B4RVUKoAAFgALAAbgIelKRpCELJ62faBpzhSWkyJgbavVk1M+tJasAxNWkryqfXmZNmkLzhnDAMdvOM0iTPlMw7UYqiHUqRcEEHviSlUKWpOctiMfzDcpP6vXnNA8ExGHVwVYAg8ReBpQ70t/DP1vL6CFTxEooYd0yU66/pY9cf0ufm5Hxh2HdTkbg8GFjy7Zm2IQ3kxJKs4wmDaD1MovrVITiDEmlMTqIW4eZOQm1s+9cmNHEQ+m4M89GmKg/T4fvCaPSKqPyoe5h9Y38cif2xbufWEzOG6WUbharfDJ2ax6v8Alu77R7+JX9Q8REuNn0pjZY8m6CYHXrPVOxOqv9TZnwFv8p6jhxMt0UwPwqKLbrHrN/U2Z8NndNTSlsruoTiDEMtvKUll4BdvOgSKyxYtrSOgSVp204YB0gZwSRE+CTM5ecaTtIMJmVMZWHljCDPAy52lam8rZ8pKk0wiqawj4YO6V0YTaNou0VpAbJCosIUyupC2wFeZfpQDqL2t6AzWVLb+UWaX0V8RG/UqkoBvbLbfja3fGwxtybPKTGvOz79+/SSUzj7Z1Z0acxPpt+ug4Anxt9oFCNLH+LyUeZMGvFsPLw9YwSZCNqIleEwmyNKWEM5faOj1qhVk4b+EMg2FM1yjTEMstUyNWmQLwZK3bF2b1HXnwgq1hLUqCbbaEhZ0JICpJfEEaEr5lkGWSaoJU9WFlbwStLKtccYJUrX2Anuh9beg3Ior1LC8lh6wMrq0HfIC1++WUtF6g6zHLbna3bGx8WVLl5cYY0qwEu/GKN8CoYRHzvcbrHIjneFNhlGzISk8N/Ur5p9R9V0rTT5mA55Z98+TEFxrKRY7CDfzGXnBsPiqNTWVWV7HVNiCAeBHd5Q1FUCwAAG4CwHIRp4ZOwvmv1C3SGJqIyGnT11LWqH86g2F0HDbfl3wk7b5g8zbwkBikLsispZfmAIJXLeN0m5ErJJ0lcre2G6QaPKO7qAULZ2z1HbMqw3Zm45iKRPRqeDpuXO0sNR7HJhuDDiL5HaLzzypTKMyNtUlTzU2PmPe5bDS7Z7Sn/dP9I9TB7QjSg/jH+kfWUWi1SdPfMIsbUVi7BLGtMTzo76sAkHMlKahmpcZyUacxWohtt2DmcplKOLqGp8PUYDV1tf8pzAtcb89ku6c45kakitq69SxJ4BGPrqxdhMVV1woDEWLFr9UcB2mW8OMs3SeXKy6h4EcZghuzYT2AnKXYWtUZbmk69jal/JiIuraWZELFGqMCAEUdY3+0Z4OsHF7MnYdvfKXDFP3yXio/wCg+K/eQfEuDbUY+H3guLxWIWqiJQLo1ruHAC3NjcEbsjtzvlGPwntmpjTx4/pLnl+KfjPwtzP2vOWY7Se7KcxQZkZVYoSCAwAuO0XgeisCaQIaq9Uk3uxJt2DafOUx8eMTy8mVHpRG4feKtNaVGHKLqM5e+zLZbIZZtnsh2K0iEIBV7nZqo7n/ANVNpeKbtmQe+VmvpLd+1tBjbKw5yjSmGWpTemWtrC1xmRne/bsnzUzsvfsAvKsFhKp1viag/SFYk8jcQ7DSOg8KMPTCa2vYk3tYZm9gLmwjD8SDJLghvPn+0DbDJUq/DSrqsmbKApLDqmxLDL5hsz6wg22t0Pg9F0qVR6iXBfaCbqLm5sLcYU+LAjH8CNy35fUwWpol2NiQqEWKqM/8vtB7QdUl/B0/j/iF1g9iDY9Vri1yLcvARkjg7Yxp6P1FCgGw7SfWVPo8lw93Fhq6uudQ9pXZft/abbUNhsIiO7obfEC6y7tZbjWHaQfKYfpJS1MS/BiHHbrAZ+N/CeivTsNnlMn03oKERxm4bVAFswQSQd2Vr954wWjj2810gP4rcllerLMSSarXFjlt5CfRaq99wS5RkggWF3Q5Z58d2Tpg9Uy8watFybF5l/8A0LOvQH9bd4CW+spwmIZKbPYnVUtYbTYXsPCS6f8A/k0v6X9BLdCf+PTbeVW545Tp8U+MR8l+Q/R5FVVdSo1gDmwBHYc9ojbHirSCEUy4bfTs2qMs23538jK9DUl+Hew2/SS6VVm/B1Mz+Qd2suUedkp9hKLWF3T+0E+tpTp/Dv8Ah3+CWNTV6vW1c99rdl4N0VqFsJQYm51Fz/tEa1t8aTklrMdG6VVaX8ZLPc/MSzEbiSxNjtyjlg52Gdo75My0Ry7Isf0fNSqtU1XVltbV2ZG+w7L3zjN0CqWYsQoJO4WAvsENkGmLsl6N6TeujuUVAHKqF4WBz4nPbG2vadp0lUaqgADYAAAPCIcVjX/GU6Wt1DTYkWGZzzva+6GBeTvXJnNDYSmlV6hF2qMLE/lsturwB+0rrfKeXrDAM05zZdDir0t0gFDEpRemxVwvXDHazFcltmBlfPf4v8hOhQdoBsLi4GR4ifWnPtalunKlZaLNQUO4sQLa2VxrWUbTbdLdE1nq0keomo7L1lIIsb22HMA2vY8YYEHCSpQ74Ap03garGiaLABag+ICba1Mizc7cPtMN08Uq9NTs1WPiR9p6g88o6c1CcTYnYth2ZmbG21qwWIH8R+Y9BOWkqvzvz+gnY4yP/9k=', '2022-01-05', '2'),
 ('Giữa cuộc đời hàng ngàn cám dỗ.Em chỉ cần bến đỗ anh thôi.', 'data:image/jpeg,base64,/9j/4AAQSkZJRgABAQAAAQABAAD/2wCEAAoHCBUWFRgWFhYZGRgaGBgaHBoZGB4YHBgcGhocGhwcHBgcIS4lHB4rIRgYJzgmKy8xNTU1HCU7QDs0Py40NTEBDAwMEA8QHhISHjQrJSs0NDQ0NDQ0NDQ0NDQ0NDQ0NDQ0NDQ0NDQ0NDQ0NDQ0NDQ0NDQ0NDQ0NDQ0NDQ0NDQ0NP/AABEIASwAqAMBIgACEQEDEQH/xAAcAAABBQEBAQAAAAAAAAAAAAAFAQIDBAYABwj/xABBEAACAQIDBQUGAwYFAwUAAAABAhEAAwQSIQUxQVFhBiJxgZETMqGxwfBCUtEUYnKS4fEHI4KywhVTohYzQ3Pi/8QAGAEAAwEBAAAAAAAAAAAAAAAAAAECAwT/xAAkEQACAgIDAAICAwEAAAAAAAAAAQIREiEDMUEiURMyYXGRBP/aAAwDAQACEQMRAD8A9CfBlVC2zlI351zZx+UjQEePwodir+Rwe/bcQxKJmTSZJSTAjj8KsjH3QczMijmXkD/SSgiOpqxauZiZu2yeShDA5avMdat0ycSzhNoKSAbikNGXuldTwDe7y031ddm4AR4n9KDWsCpYsHEtvOVmnxCuQw6HSp3sOAFtvbXdoLcHqYL/AEpWFDofMVWRqWy93KBHAxvk09LTRBBUfuvHoFUa1EjvbjOVaTqy6MTqQIJjyHWuTbFtmyyQ3UfpNO0uxWELFoIIknqxk1LNQl66aY7JS1JmqKaWaYh004Go6UGgCWm0oekJpALIpwIpkUtAEqiaR/GuzgCow9IoeoFKyimFxTJpkjyBXUyupiMi2yUFtmSS2XNlJiDoJBB1nXU8juM137GfZggkAKSQFDaDSACZEQ27pRG04LOpZdxKMpjgCw1mBm4EmYmkZWOZSRlCvrESD3WBMxuAYmKksGhHCZgd5JGdYEEKZZs0Zo6fhNPW46DLMLB4uZO4Egv7nGSeB60SvoAroBMIHCxv7uWPOCPOm4pEIOk+zynuiWK6wOZlTEUAQ4XEN3tQ8aEZBrOsDWFXrBgGakdLbgF0KREMJAUnkfdmY10k7pqPE4Nc+/KvdEj8zZAI03E9RvqFMMw3wJzZWgcCQY4jVemhFFEhzDW4WMxbqd+vjuqaaEWsLcVwFZAIJ7obJM+PEHhx1M8buHxWaAwyuQDB+MHjB0kdOdMKLYauJplcaYDw1LmqKumgCXNTg9QA04GgCXNXZ5qKa4UgJgaWo1NOmgB9OUVGDTlNICVQK6kiuoHR5gcexEZVjXSRA8pEcKmt7QhYAI3wEdRA9SY13VCtq+GkCSR+dDM8SAxJrnS8fftE9ckfHd976z34FoKYXbLd3Nm92J3yB5a7/hVi3thA3jlB0j3TIHXl51mimUT+zoQN5NkA+JYAa9a44qAB7NANOLr47n09KumK0aZdsIYXSSIO8a8DqPCpMRtBHjTcSeG5mUka8O6PSsrbxSgQUJ1/7r/LMR8KlR7ZXUOpncrIfD3kNPYZI1dvHoCcvuksIMmJiCOmh069NI2xmeMzhcoburpBhj7x365Ry1461k7+NRN5uDTSVV/ky86W1tJCB/mkfxIU/wCTUUx2jUm7nOU5iw945oGqESNYC5gTG/xkVFnVCIkkgQSSFGm+FgmOseAoCdr5fduIxIIgFiT5hIB8TVp8WIWcskSQWylZMkSxHH5UUxWgpa2g+stuPAAePDo33rRLBbSkhXgfvHQTroeW7fWXt4oARA56OpPPgamfEgxAeIG4HQjXQ9CaYGwGJTSHQzwDAn0qQNO6sd7dSDHd/NoRv1A8N8A13tMwAD6SDo2k75iaB2bEGlLRqdw39Ky/7dcAAViB1M6eMTNUNt7SZwq/hAneSSdRqTrzppWS5Ua3EbStIAWcQTAjvfKks7YstMPu6H9K89Fyp7TEQQSPUVTiTkelJcDCQQR0qQGvObOLcOrZiYIMnpu31PiNv33Jh4BGWF0nr0PhSxY80b83OvhXV55gca6MCIJDZtRmk8+YrqWLDJFvB4tWJR0BPHKBBHAgRMeBorh7KJOUQDrv057uG+s/ZurIZYDwOEHTd3TvMnp+tsbTdBlZZY6yJMeIAny4fPj4+VdyVtelOLDmRZnKs89J9ad5UIwu0ZMFhp1A+HOrqX1Oob+n0rfj54T6f+icWid7SE95FPiB+lQXNnWG3onksfKuOKA4ny+NRnHrG81taJoz/a3A27aIUWCWYHU7o61mMkj0rTdpr3tFQSe6SeHHyrPrhTwJ9P0pZIpUWdlWQ19AdBE1o7+wHJkOvPcR+tAdn2mS4HPLlH61om2g8d2fSPrSvYpVQL2hsd7dsu0EAgaEzqQOVC7S90DWOUnSj2IW5cGViY5cKfhthg7/AJVViTBt+xktKyaAnXWDmnTqdOPU1HaLEmXYwrGMx1IBgRx1itQmyE0kTAgTwHIVdsYNF3KPShdBezI4e3fbcGPgnGRxjx41O2AuQQytvBPcPCeI4a1sUEU407FRhWwsHQMNZgqfnFO9g0fiI/hb9K2pUcqQIOVGxUYs2G4BtJ4H9KYLXX1IrdCKje0p3gUbCjG2rfNo6jX5V1bJcOn5R6V1Gwox74UAQqmRwzEhuchlEeXjTUtvJhepXUys66cSOf03W7yZtdQTxB1nj5TNV0w7zBcldeXKBoR51ySin4bWrI/bCAYyyY4bxpvGm8Vew2JzaBoHnMjhB/rwqj+xtlYaGSdORknefL08aall4UnTdJjygjwjrXN+KUXpBbCDBgT8wfpTchqkl4E5XIUzvnw48aJYdxBk7uJg/St+LlbeMlsTRXuYWd9OtYAcoq/ahhI+Ij4GpDCiTp5a+VdJNENnCAcKnFkUuz7zF8x0UaAffGiuJw4PeXQnhw8uVR+RXRr+GWNg9LdWEWKYUI3jWpFatEzKqHg1Ir1EDTgetMCYOa4vUIalmgCTNXTUeauoAlmkptdNOxEldTJrqLAzSOG3EQeMz5kknWdOmvOla3rx+fx41cubBugDuGBwVlIiI0AM+A0EgUv7FcA1R/5CR11iubaeujVq0DzbgyAN0ddDIHxNPt2hMEyeR69OVTG2RpB8CKmXCM28evDwqnSEk2UnwKNMqNd/0Pj1pmEw0SpBLAzoJDjgR10+FGrODA3kmpDaUa1lJxfhpHifpXa0yiSI03E1QtEM0t/SpNp4zIN+/ShVvEwZnfVZNrZouNJ6NDcuIi5iQoGpJ3ADUmstje0uJthbpRAjgHKrqx7wDA5ZkD3uutBe1G38/wDlIdOMcSOv5R8TWb7zxmdegLQBw0AMCrhx5bYT5cdI9Q2L2ssXgFcgNyJ41o2tcVgg8a8at4VgNUVuREx8Gk+VFsBtJjCJddCDohZmWfMgqYJ7pNX+Jp/Fmb5IyXyW/wCD0w+h66UoNYtNs4kEDMCQPccTmHEq418RwnlBJ7ZW01vAgjI43qYPmDxFVTXZlJK9Bea7NUc0pNKySSa6ajpZpgPBrppgNLNAiQGupoNdQBBhNs4ht6J4lSJ8AG+lEGxrndC+H9aqolSSBXI5NncoRQjydWJPiZppIFNuXRQ/E4wLxpFFu5fihON2rl0EsToANSTwAA3mh+K2iWkJ68KqI8b0zHnMn+3SqjFsmUkgta7K4vEnPdYWE4KRnfzVTA8zPSqnaDsh7Gy9z9obujprwAiBqfGmWsaE1XOmkd0n6cKHbb2rdvZLBdmRgWfMxMAEDeddZYR+laKKRllJmZ2Rso3DnaYnThPWtLh9hW490VLhraqABpRTDAVMpNm0YpA//wBPiJTunkPdPiv9qC4/ZrEyZS4u489ePNdK9Dw1uo9tbND2yRow1B5fqOn6CqhytOmKfGmjE2rhvWyrdy4h3jer8GHMH46jjT8Dj3BRzo6Eq6jmPeHgRDA8iedVcWCp9oujLo45r9Y3jzp126pKPEZyLb8gRojevd6huldPaOR6Z6KjgwRx1B3SDT9aZ2cxuGbDJnZAyjIczlT3CV116UVQ4RtzpHS6D8JrKwxBtKTRBcLab3SY6MDTzs9Ob/D+lK0GLBs0oNXhgF4Of5f613/Tp3OPMEU8kLFlNTXVbGzn4Mh8z9RSUWGLKheobt+Kq3cUAN9CcRjC5ygwOf6DjXGtne2kWMbtL8K6nlUWBsB5Z+8RwOqjlpxOh31Hi0VAoGhMyTvO7jxpmz75lRBMyNN+kMD8GraMaVnPPkb6I9oYQIe7qNCARuknTrRHCbOQIQYLNOp4GI7o4R41HijLa8h+v1qzgnGXfVmd6Ad62ysVIMjkZ8KEbbsojxc7z5JOWTlUS0mOU791HseZuEzx+WlUMbhg5JYTPPXSI+WlKTo144uTBmyo/A5InceH6UWx73EUBTlO+TUvZnYKG5KqAo1MCATw0FG+1my86rk0ZRGnL7n1rNy2dCjqgJsjaOLnTI4HA6H6Vt8PeDpJUqSIZTB9COFecYbYN8OrJcKQNe6XB1OvvaHXpurc7LS6FAuFSw0zLubrBG+lJoaizC9obDWrpze6xgnmDx8poXYMqbZ/Ix/kKx8GFa7/ABBtqbIPHNFYi9ea2vtWBAKEKSDDM+QkK24kZG3dN1dPBK1s4/8AojXQU2LjyUuTwdzHi0RRAX2iPpvrO9ksQFfvozqQCQFzkkzwHip8aLXMagJBzLB/EMp8wd1N9k/2WQ4HDX0+GtMxG2WsgGXgyO68RxGkfcVJs/F4Vgxu3SN0ZZMc5yqRy9KD7duW2BVHzAPKkgiV1GsxrB5UJOxSkq0aHZ+38Q4m21+OZZY03+9c1qziO2N62JS413RTmyplIIBI4kETEcwazuysE72We05GVH9orQUOQZlBndmmJ/dNVL6XzbDuoS26kqRHfA0gLJO+NDG8c6dJsnJpGg2h2tx10Igm0CynOO6zzu7ygd3nHKlofgcCwKDvGAQFJEBnImBw3xXUaHRqMHhGunUkLxP0HOn3MGbbQVkEQCOEnnwrS2woGgqptIgZT41xxlTO6cckZ3FICBmkHlrC+UacPjUmysMuYx78gcRKnfPnrVtkU7/vypqYdVMqFBPEKP0rZSizncJIp7RUZiRMgagHj0irWymJSdSSAevHSOhmlfBrvAmTrHHymlTClQQuk79DJ+NVVkNNaYJxVlg7GZAb146+Z+FQPc0oo2zjoIaI3yOHSgWLYpJImDBA4cKmejo4Po0fZ3bFi2hLuFH5m0GvOas7Yx+VkIYMHBII6R8NayWz8dhmYe0Rp48vhBq9tG7hpX2TpujLm1EcINY3bOpwlHbRocG4bUUUZgBWT2RiTMVoi+lSwsz3ac5wARKr3jHjlHzrHdtMRlw9iznJVgrqp/AqBl0HCS8A8lNa/bW1bOGtvduwzN7luRLmYGh3Aby3DxivI9q7SfEXGuXDqdAB7qqNyqOQn5mtONN0/DDlkkml2zTdjLo/aJJgBTJ5AMD8vlRnFYoau5jMS3M94zuGuk/Csp2eulS7QD3CNeGaFzRxid1Pu7QYE/iJJkzMCT0gHkK3XZyvR6hax+HuWfasVyCQXdSAcuhIzCSJkda892zjkvXSbNsKkwoVQpOm/KNxOp8/SGzau4lZ0t4e2J1kW0HTeWck9SSais3HJy2FInTNpnPifwjw6a00qZnQZ7LYNbpZLlxktwrNbBy54YABmndLDT5b60W3rSPcsqh7ltWOVTKSYCAAaSuU1i8fs+7ZAW5vdC28mdSQDI96UB8xVuzsCdUuRxHd3+h0pv7BI3/Z/CplLx3g5AJ1gQu7lqTrXVkbD4/Cr7RSbloEzrnURvzA95dOO7rXVNAegYXGhtxqHa+IHdE86AYnC3bBPFR+IajpPLzqB8Yzak1zUd+Vl84mKT9s60Le9NQtdpgFv+pEHQ1aTanMkeBis3beX/0n6VYumiMgcUw6uOzbnJ8SaH46zJneGHqeNZXamONpS0xwHU8qHbG21dW6A5dy51QHRBzAOgPP461reUTJLGWmbbZ+BcNKzl5f1o5isAjpOUZgPejX1obhMeq6GrV3bKAQNT0rB6Z1vklJU2VsFZytRS/igqOxOiKzN0Cgk+elC7F7O3KTRLaeHH7LfVdJtXB5lDSMzwrHYx7ztccksxJ1JMTwE7gOAqCmpwpwrqOLsO7HcrLAAyI111Op040a2b2fd++4gcABvnmB7ooVsa2SVVd5YfDf8BXouHurlBKLqN4pIqRmu1eLztbw1lQqLBCKMoLMSFBHQa/6p4UQwGCWyqgKSQVLHi0HXX5cqGlQdpd4ELIIAMn/ANoRBPWta9tCNG57x9aozBXblQUtuAZVtdI0aD81Hr1qtsUA2gOKyh/0mB5xlp/aGzeKBLYRkPvwwzd2CB3miOMjXSq/Zq4DmVVMkBp3gEAKeGmkGfHdTBG1bFJaQZBpEKBOvGSfLfS0Oe2xEMswBGkRG6MvCuoxQqNV7OeHOhuM2BafVQUb93d5r+kUbCwIjcIEU0+fpWNG1mMxnZi6slCrj+U+hMfGs9jbDocrqVPIiPsV6oRNQY3C23XI6hgeY3dRyPUUnEtTaPMNmoczE9B9fqKsY/FJbQu5gD7AA4mrG0bK4ZrgZu6hnMeIIBHnBHnWExeIu4y8qIDE91eCjcWbrr9B1IxspzpDba3cZeJUQF4nUIvPqxj7iRotn7KW00KOUk6k9SaM7N2clhAieLMd7NxJpxtwfOnKXiFGPr7GOlcluamca1NZSKzaNEyXC24YeNH2s57ToPxIw9QRQjDpJrRYVe6PCoYHzWnClWj3bbZDYbF3EjuOxdDwKsZgfwmV8utARXXdqzlqnRoezVsvfCD8TH9Y3jeK9Rs7OdVAyNA6Tp1ivN+xVs/tCMAG7246DcT1jjwO6vYVxX57Trp7yAOPRIb/AMamxtHn3anDvbuW8SoPcYKwiDoZG/mMw9K0KFXVWUyrAMDukESD8a0WIXD4hHttcD5lIKnusBzysJBHPfpWDuJc2e4tYhS+GYn2dwa5ZkkCDv3kpPMjq07JaoLOFOkjfyn1J+9aiw2zkRjkULMzGvGfLWd1FcFgrV9M9m4CP3SRHABhrG+dan/6cRoCTAHAEaTuiPjRaCmU7Ycfib+Y/rXVffZThZkczIIEDjmWa6nkhUzThY30mWeA89B8qc09PSlNQWV3eN406RT1p7Lxj786xP8AiL2k/Z7XsEaLtxTJGhRDIJ6M0ED/AFHSBTStiMT/AIg7YXE4kpZ1RIQR/wDI4JBYc11gc4J3EUX7PbHGHTXV2gufko6CqfZbYGWL1wd4juKfwg8SPzH4VrVsUpSXSNYQ9ZRYU3LVq9ZioiulZmhCluTVq1aJMUliKL4Gyu+gZHaswaJYd4EVGbetQ468EGZiABvJMAeZpVYdFLtr2dGNw8LAupLW2PPipPJgAPEA8K8LWyQ+VgVIaGBEFSDDAjgRB9K9wtdrUJyWrdy8w3+zU5R5xPnEdax/bPArccYkWLllzAuB1ORwRGdXgd4cRGoHMa6RtaZlJJu0VexmGHODKEcYPtIj0ZPjXpllLi6DIw13llPqc1YLsTZ/zwOSofGCf/ya9PRdfX7+VMhg3ErnUh7LH/SjjdwgzVbF4Sw6Mhe4inejKzIfFLgK+laApFPQafp99KdiPI8f2aay+fDYkEzoVLI6+YqfA3NquYS+WYcGZM8DjmcSw8/GvUrlgE6gHxE7qauGVdVVR4LG7XhTvRNHnT9l9o4iBfvjL+V3YjyRRlJrq9MRYpaVseKJgKbH39KdPD16U7L4/OkAC7WbfTB2c5GZ2lbaE+80bzG5RvPkN5FeT7Dwz4vEvfvEvBDuT+Nz7qx+URuG4ADcal/xA22cTimAPctTbTrB77ebfALR3sThwuGUxq7Ox/mKj4KKt/GNhBZSNBZtzVxbWlLZSprkAVznUCMRvqBlp2Jud6moZpiISIq3hcURTClUNp4xbCF23CAAOJOgFCViui/t3tMmGQT37jDuJP8A5MeC/PhxjLYCziMYwu33hN6gjSP3EkADqZnrvofsHBNibr4i+cwzaDgzco/IogR+hnbLvq3UdLslXLb6J8JslsoVMRdQDcEFtAPJUFX/AGV62hzscTbiHtsgz5eJUjR/4SJPA8KfgmoonSoyZdIxPZTZiLi72QkoqWyjHXMlyWB8QABrrpurbi3HGZPTTfp1qDCYREd2VQrOZbhJ0k+cAnzNWXOo5Sfka0W0YS0xQfv+1OW2pEwPGP6U1zT7TigRwWCI68dN3LyFSxTH3eEHjwp5agQ1Z9NPT7FdTc+pHOP0P/H1rqALS1T2tizbw924N6W3ceKoxHyq60b/AL4/pVHamE9rZupGty26LP7ysB5yR8KoD5yc16L2DxIewEnW2zA+BJYf7vhXnV0QaK9mNr/s94Mfcbuv05N5fImrlHKJMJYyPY0IiqmOxQAjjVV9pLEg0MGINx65qOuyUHMau2rdJYsRVtE0oAiKaV5x252pnueyX3berdXj/iDHiTyrcdpNqDDWWfTOe6g5sd2nIak9BXkanM4za5nGYneczak9dTWvHH0xnLw9M2LhRasonJRPVjqx9SaIB9aql9K6w8ms2zag5gXo7hjNZ3BrR7CVLH4XHTjxqC40QevpoauAaUPxJg+dVF+GU1qzmujn5Ui3oqtefeD9+VVVcAmOIG7pM/MVrRlYYXEKRHOfuRTWxQKg9KEhzTUuGOG86RHxFGIrLtzFEEHy1PA/1iuqhdEqRE6HQGZ9aSnQWawEneZHh9adHGuVdKY7Ru8KQzxv/Ejs6bF83UH+VdYnojnVk89WHieVYo17523yfsF/OoIyaTr3y4CkdcxmvBXFaReiJII4TazhQk7tB4cq9D7PYf8Ay1Y721/QV5TFaPYna25YARlDoN0mGHg3EeNTKF7RcZtaZ6cqUl66iIXdgqqCSToABxJrFP8A4gJHdssT1YAeon5Vmdt9ob2J0chUBkW10WeBbix8fSoXG/S3NUd2n20cTeLCQiyqA6GJ1Yjm0DyAFA2nhvqSmNWvSoyu2ej4bFZ0Vx+JQfUTRDZ66Vl+z12bK9JX0P6RWp2ae6K5X2daerNBgbelGMOkUKwB0oxZNJlFpTpQraTgEbvsiic6UC2o5nwpw/Yyn+rILjzOvOoixBEa+fSfpTPacdabcYSB14+B510HOS+0/d+X1iuN4GY4bx47uk0ypUAkeH9vrQAobfSVZVJAHp9+FLQBorfuyd53RppTRvmlDbv0pSANKkoAduLBfA30EzlBAHEo6t/xrwYmvo/F2s1t1HFWjxiR8YrxTtPsTITdQdwmWA/ATx/hPwpxlToTjatGcZeIqM1IrR4UjrWpJETSTSNTaAHTXFaSplWpYw32SxADm2259R/EOHmPlW7wtrKY+9da8wtJBBGhr0Lsw7NZVmYsSW1JJOjEDU+FZTjWzaEr0avBGi9g0FwlGsNWLNkWJoBtP3z4ff1rQ5aBbbtahuYj6/U1UNSM+TcQauvxrskfD6VyqR/akF4RubdPun5xW5zk4X7+/KnDhzn+n1qAYodQf4T9Kd7ddRMmOGvyoAvZ/wC0f1rqbbcHWOuvX6V1AGlNudZI6f3FIVP3p8dak+/v1prGpKGrJ0jz31gAJEETI1G8GRrW/U6gdfj/AErzvCvI/hZ0/kcr9KllRMV2k2CbRLoJtk6j8hPA/u8j5eOeVo8K9bdQQQQCDoQdQQeBFZHa/ZEyXw+o/wC2TBH8LHeOh9TVxn4xSh6jJFQd1MyVLiMM6NldWRuTAqfjSBjWhmIqVYs25FRo5+xVizbdyFUFidygEk+AG+kMescK9H2XgjZRbZ94KpbozAOw8ixHlVLsr2SKEX8SAuXvLbPAjXM/KN8eu6CUw2K9qS/5mYjwkhfgBWUpXpG0Y1thbCCi9gxQrCGr2eKxZqgohkUP21bm2eY19N/wmpLGIqxchhHMULTE14ZRWpQ0+Xypb1jKxEkQY5z60zK3Ag+RHDn/AErpOUsoggac/v4U57eg41Dafdw8/wC01ctXhH397qAK6qR8vseVLU7sNfv+1LQBo1J0PwqN21+Pj9xTrrQPrTE3a75qShRcHMeP3uryPZ210OJvID3Huu9snSZYwOkiCPDrW77cbR9jg7h0zvFtTxl5zQeYQOfKvEWfQH7kfYpqNoWVM9UNKtZLYfaYQEvmOAucD/Hy8fWOOsRgRIMg7iNQaylFrs2jJPonCq4h1DDkwBHoahbs/hW32E8ly/7YpymrVp6m2VSZVs9msINfYJ55j8CaKYXCpb0toiD9xQs+MDWn2jWc292qS3NuyQz6gtvROf8AE3Tdz5U9y0P4x2O7W7YCj2CHvMO/H4V35fFvl4iodhPNtfE/M1js5JLM2YkkknUknma1PZt5teDt9D9atxxjRmpZSNRhGqXE3oFUbLxXXDO+szQs2cVRTDYg86A29DRPDNSY0LtSzqH8AfoaoED7+/uaOZAwg7iKEYnD5DB8jzFa8cr0Y8kadkKpx6n51Iqa6GOlRZlB8/hANSg1qZDWBnrEeFdUk8fv73etJSA07mY6a0sff396VWsXSVJO/WrA+n1rMo81/wAV8fLWrAPuqXbxburPUBW/mrzhNZHn9/fCtP8A4guTjbs8CgHh7Nayw31tFaIfYlW8HtG7b9x2XoDI/lOlQXaYKfYLRoLfazEjfkPin6EVJ/6vxPAIP9J+rVnRTqjGP0VlL7CuL29iLgIe42U/hWFHgQsSPGqFtqiFPWqpIVt9ltXrWdlTNtv4z/tSsatbHsj/AO03/wBh/wBqVEuiodmlSuJpk1yVibktsa0Rw4ofbohhqllII2xTsThQ6kceB5Gks8KsrUp0DVmTdSMykcST47vpT0t8vqPlVzbNsB5G8qJ9SPlVW1+nyNdUXas5ZKnQ1yROvL9a6lH6jypaYj//2Q==', '2022-01-05', '2'),
 ('Bồ công anh bay khi có gió. Em chỉ cười vì ở đó có anh.', 'data:image/jpeg,base64,/9j/4AAQSkZJRgABAQAAAQABAAD/2wCEAAoHCBUVFRgWFhUYGBgaHBoYGBwcGBgZGBoaGRkaGRgcGhocIS4lHB4rIRoaJjgmKy8xNTU1HCQ7QDszPy40NTEBDAwMEA8QHxISHjErJCs0PTQ0NDQ0NDQ0NDQ0NDQ0NDQ0NDQ0NDQ0NDQ0NDQ0NDQ0NDQ0NDQ0NDQ0NDQ0NDQ0NP/AABEIAPsAyQMBIgACEQEDEQH/xAAcAAABBQEBAQAAAAAAAAAAAAAGAQIDBAUABwj/xABFEAACAQIEAgYHBgIJAgcAAAABAhEAAwQSITEFQSJRYXGBoQYTMkJSkbEUksHR4fByggcVIzNTYqKy0kPxFiRUY6PCw//EABkBAAMBAQEAAAAAAAAAAAAAAAECAwAEBf/EACQRAAICAgICAwEAAwAAAAAAAAABAhEDIRIxMkEiUWEEE0Jx/9oADAMBAAIRAxEAPwCtNdNcBUiWydgTURxlLFXE4c8SVgDrqDLQUkzNMjy09MOzbAnwq7w22C6giaJ1tAbACknk46GjGwZscHdtxHfV+zwJR7TE92lbSpTwtQeWTKKKRRs8PRdkH1qytsVPlrgKXb7GIwlLkqSKjuX0XdgPGtQLHRSgVQucVtjaT3VUucZPuqB360yhJ+hXJG3FMe6q7sB3mhq7xG427Hw0qszzVFhfsVzCO7xW2uxLdw/OqdzjZ91QO/WsUtTS1UWKKEcmX73Ebje+R3afSqjXCdzURemFqoopdAtslL00vTFUnYE9wqza4ddb3Y7yBRbS7NTZBmppan3rJRip3HVUcUyFEJpk05qZRMEGH4Yg3Ex11bsWQBoBU6DU11r8a85ybOukNxC9Bu6hkiirEL0D3ULNvVcXsnMs8N9te+igGhTDXcjBo2q9d4yx9lQPOjODk9GjJJG+WqN8Ui7sBQzcxjtux+lQGeZoLD9szmEV3jCDaTVO7xpj7IA86yK6adYooVyZau4923Y/Sq7NO9N1pQhNOopCttnTSZqsW8C52U/SrVvhDHcgedByivZlFszCa6t+3wdBuSfKrlvBIuyD6mleaPoP+NgsmHdtlJ8KtW+EXDvA7z+VE+UUkUjzP0MoL2YdvgY95ye4RVy3wu2vuT361oVwpHOT9jJRXoiS0BsAO6n5afXCgGwU4gv9o/fVUrV3H/3j95qq1dkXpHPLsgcVFFTuKiimAGabmmWzv31G2JRSZZR41WHEraz0ie4V56i2ddo0rg6B7jQm+5onw98OhIEb70NONT31bD7JzEWlzdQFcBSgVcmNMmnpZZtgT4Vt8KwqFMxUE9taaIOQioyy06SHULQOW+F3Dyjvq5a4L8TfKtvLSgUjySY3GKKFvhdscp7zVlMOq7KB4VPI2nXq510UrbfZtDMldFOiuIoGsbFdS10VjWJXEUsUkVqCIRXRS11EU400U41wrGBbHe2/8RqqRVrGDpv/ABH61ARXZHoi+yF1qOKsOKjpgE1vhtxvdPjVmzwVzuQKIEGppbW5ri/ys6OKK+Cw2RCszvQ9dXpHvorA9qha8Oke80+J22CfQwCnqK4ClFWJm/wn2PGrtU+EjoeNW3NcsvJlU9DgaE/T/wBJHwltFtRnckZjqFUAFiBzOoHjWl6QccTCWTcbU+yijdmOw7us9VeN8a43fxjzcbNHsqBCr3AfWq4oW7fQkmaI9MsZHRvFT1xM+BkeVXMD/SFjEIzsjjmGQCe4pEedCf2ZxrlNSpazCuhxj9C2z2b0c9MbOKhGBt3D7jEEN/A3vd2h7OdEpFfP2AzIQDqN9Nx2j8vxr1b0M9JvXD1NxpcDoMffXv5sPP51zzx1tDJhURSU6a6pUMNrop1dWMMiuNKaQ1jCVy0prhWMC+K9tv4j9ahipb/tN3n61HXdFaIPsjYVHUr1FTGC5PaNdb3NOQdI0iDU15h1DlHtUMXh0j3migc6Gb3tHvNWxdsSZHTlpAKeBVyRvcK9jxqy4qvwodDxq22gJ7K5peRX0eNf0i8S9biTbB6FkZQOWZoLeOw8KtejfB1iWXpNqezsobxLl8YxOoe/r2gPB8qNOF4lwxAe2TOXKZBk7AHma6J/GKSDiScrZW4nw2JEULPZKNoJg6jrB1+Y1r0fF9NC4EaZW7DQNisqvLPJPLYQZg+XlS45WPlgkLbZBE947R1/v/tFevFHD22KlSGEbqRqD+96a2XYGPz/ACqpdkGR+naD2VVI526PaeAcWGJspdG5EOPhce0Pnt2EGtda87/ouxYm5amNnUH5GO7T5ivRstc81TodCGlriK6phGUsU6kisYZXU+Ka2x7jRSMCz7nvNMpxpDXciDI7lQ1LcqKiAM1HSNIg1NQNxC2GPS+QJqXD30ecrA153FnTZJG9DF4dI95oojehu+Oke+q4uxZ9ESilApRTgKvRM3OFDoeNTY+5ltu3UJ+WtR8KHQ8aj488WWA3aEHexj6TXM18ip4VZ0xKEiJua95ePqaPrPD7SW2JAKN0ipAgtv8AWgTGrlxUDUJcHyzqZ+TCjRcrpJYgQGHcYIq+X0HBW0wk4NhQ2HIfUOWJntM1SxPo3avHKwkwAG0kASQO7Wn+j+JTIqG8SdYkwJMypGxERrW5atgagzXK209HZxVbPLvSbhBwxPSkaZT1iYIIrERw29HX9JLKtpCQCS+UA89CT5D6V5zhzLAdZ07K68Lco2zjzJKVIKfQe7kxqcw0rtO438Ir2givEvQk/wDnLWYe8y/zEEDzr264wAkmAN6TKtk10NIpsVSPEySclssBzmPwpjY+7/g/NxU+LDZoxXVm/bb/APhKO9v1qK9j7yjMVRR3n86PBmsW56QYddCxHgAfM0x/SCyQcuc6H3dPI1W9HnLXLgnLPTgDnO3Z7XlWqLqOqgFybgcqoyhoQgP7RgQSBvzpuO+jWDJxSdv3HP0Wk+0L/m+4/wDxrYs4Sw7lB60sFJglFMhnVlE7kFCOrVTMGaYlvDMVUes6WULJABYkB02kOgYFlIBiYmDF7J0Yj4hZA6evPI0fM7Umetp+HW7th3RGV1zQCWJz22IZdQAekpGk0O/al66Nmo0q5LhUyDBrjSGlo1m7wzHl5Vt4366y8R7R76Xhb5XB8PnSYk9Nu+kjFKQzdxGinrUYp61Rio3+Fex41U40dV6ll/kKt8K9jxqDjaaBpiOie4xXM/Iqjw7Ggi8WO5du7omBPgorY4VxWWay5g6qp5EHde8fSs/jNgrJ26TjxkCfM1lY581x2X4jl+cDzFdTSkqEjJxdo9V4Tw4MFnIRvt27xtNbj3FTRY7FH5cqEeDlywGZo5amivDW16tefXXnT0z0oy5I86/pExLNdRW91SY5DMR+VDNmBkIHM+QNEX9IiEYgfw/jWBaSAo5/qP1ruxeCODL5sN/QTDA4hXbRUzue8yF8d6NcfjS56lGw/E1hej2FCWg3Nul89QPD8at3rlMo7tk2y0eKOogBQB2VE3GH6x8hWbdeoAeZ/wC/dWaj9GTZqPxi58X+lfyq7gMI96Huk5RsNp+Wwqhwy0gf+1lT7qsIU95oqQ9Vc+SaWoopGN7ZjcOup9rfIQV1QxyZVWV+Yq1xtvUqhREguxOYMYZpaUhhlJl5I66og5b1p/i6X3nc/wD2FXfTFW+zOyiWQow1A94KdT2MT4VSLWhJJmOvpCQWlEX1Y9rKNcxDEKc2pmCes9tQ3PSY51VXTpEuIRNGIIObQw2+v50IcS9cBkf3tYBVpGjA9EnTSo1uMBnRyhLEMCw3IJUgkCJhh4dtUTA1Wj1j0cxJdGLkM4YhmyqCQdROUDtHhUn/AIesfBQj6B40K6K1ws11WBBJPTSHEHlClhHd4+hTQfZugINMNSNTGoikuDEsKfiR0276TAXQrgkaUuIYFiR10v8AsN6GCnLTRUiCiA2sLfRLYLsBJ06z3AamosTj0dGGV9ecDwiTWNh7ue65bZOgo6o385q5ibqKK5JSqWjrjjTVsC+P8E9aWykIWbNJkxvIA57nmKw8P6PwwJbNtECBMgbfM+FGtxC7yNIruGWQzu0cwB4D9ao8klHsMccb6F4dhSihiNq18A4ylyYG8nqHOosWhYbwOyq1hPWwBoinU/GRsB/lHnUGrLpejC9LuHNiCLiLt7AOhIPvEcpjSgfIUJziG2AP7769mfhxcav5CsrG4SyOiwD9jBSPlVsc3FURyY1J2jE9H+MgIttzsBB7NhP0mte4886q4f0ftOwa2Tacagr0k6tVPLsBFXPUXE6LqoPxrOUjr61PZr41eORM5pY5R2RJbkiOkTso/Gtzh/CwnTfV+Q5L3dtWeG8ORBmBzsR7X5VeyVz5MjekPCNbZDdsK4ysoI7f3pVI4Z7ILI/QEkq+wA1MHlWoFp4Uc/GpxbQ0qYLPiAUsaFSiLM7EQmVgec6/OiHGG3esOjOnTRlPSXdlI+prEx1y3cREclUTQuFJllEZRHLt7BSjgVlRJdwP4GrqjpEWDScHxL5M7N0RoS9g5YGg9vpbb1Fa9GruoygLoNblnUAyJGfeixeHYb43+41SDh+G+N/uNTr/AIBuwUwno9ftXEuoyTbZXym5ZE5SCROeNRIr037ba/xE++n50N/ZsH8b/cau9Tgvjf7jflW39A0VDTDTiaaaIogMGns861JhsKXmOVRukGKFqw06HCprYqFasWd6zMjGs4oIXYn33P8AqNMwl83WzHblWNjj0ihMAsQT1CTPjRDwi0pAykHu5VztJOzsi20kXvVZRPjTeCWf7PN8RY+cD6VexdsJadjyUny0rPv4n1du3aT28iz/AJdNSfnU2VQ7GE3G9Uh/jb4V6u81pYfDhFCjYbVX4ZZCL1k6seZNXkFAN1o59qGccjZz270VMtZGOtCZ8KylTBVoXhUCK0uNWQ1po3AzD+XU+Uis3DCCK2n6SR1gjyoxlsWatAxgeItbOh05g7fpRLg8clwaHXmDv+tBQapbVwgyDBrpliUjjUmg4uXVQZmMAVRCvf3lLfVsz9/UKyMNxAMwN2XA22gdpHOiS1iFZZUgjs/elRcHEe+QPcUIGRYACtcMcsouMB5KaG7uOugybjlToem3hzrd40pV7smdQFgbAqsjtPSY+NZOGT2iRAA5jWTtEc9DV49C2V8PjbjL7bSND0z4U9sc4E53JUgxnOw359X1pFsljox1PdOnMA1fw+Fy8uiVg76nWZn96U4tmHicVdDtLusmQC52Pcaj+1v8b/eb86ucTt5kRtzqh7wYHmDVP7EP8QUKBYWFq6aSuFEAQcEQZJ6yaycaOm3ea2uD/wB2PGsbG+03fUI+TKPxREtT2hrUC1I85GjfKY74MVb0IB90B3YkEjMdhPOp7KKplGyN4r5cqq8PcZRvV8t2fvurgnJ2erjilEs3+L3XT1TEdZMbidATsddfA1C+KIed4iZOpIGk9lVUuANO41PgibDxY61XS+GJ69z198dVZWGooIbXG3GyL8zV2x6QfFb061P4GhuzrsTV5F0pZSaCoRfoMcJjbd3RW1+E6N+vhWP6TtkTP8JX5k5R/u+lZlswa7jt97ttbQBe47KqxqWA6Q8dPKaylykkJLHx+Sei7wzFBwpreS4NB1zQb6O3dSp5GikHpp3VStk5A5i8MUZhIMHltVcGt1b1tWYumcyd4ga9RFc2Kwx3tDwC12cn9HBS+zED1Zw2LZDKmKvl8Kf+mfl+tRMcNB6DT1aju51uX4zcf0p4y+7yQekzZzsN1ED99VQBbmXL2zMptFb2BsksCnRGRCwjMZOYc+41PjHdBMg6xqn5EUOSToKTqwatWrg5nwVae74h9AIA7NY64Fa68RfqT7jf86Q8QfmE+63/ADp9/Qtox7tshCriGL5lGsAEGSJ2IAc95HWKjyj4fKtZHR2Oa3bllZQ4WH5EieowT/KKgk1qBY9TXLUQanrRaMjc4XjURIZiDJ5E/QVRxN1WYkHSa2OF3kCKC6g6zJArE4riURmMM2vuKW32GnPQ6VCPk9FH0KhFWLRFZH9YHlYun+Qj6077fciRhnAGpJZAABudWmrCAujZHZRtJjumrWbQFtZ0A6z1Ac/Gs6+5z6b1cwDl2190R2meQ6h18zpXFONM9LHLVMjxLv1e0CJ6p0kdY0qvh+mM0QQYcc1YaTpsD9ZHVRhd4ejWQG69D1TQ/i+G3LTZwDpoWXZh29saQd9OrXJqjXch+GY89e/f5860VbTSs2zcB6v32VctXKlIvEu2k11rT4VcC3BckZVlTqMxzDkOrYzWdhnHMirJtjIsEqdS0hDrPKUmPGjgjylsl/VLjCl7KGGVUxd5VMqXLL3P0x8pjwossqNKDNVxI1nMo1gDUEjkAOQoxwbyoqk41IjF3BMHuImLjj/MfPX8aoPcq5xvS8/gf9IrPS0zsFUSTXZF/FM4pL5NDlcnQamiLhXCIh7g15LyHf1nsqLCcGKjMHIcHQ7r2iOdXbXEGQ5by5eQcaofyqE8jeolIxrch+CDG8+VssDKI+IOzEnsggeNWDjbonphxpEZgw1OaQRB0iI/WoOD3le4zKRBdx90AD5gA+NSC3yq0etiUmxjcT1Aa4ik6AM7KS2QkBQx1OaBHVJ02q361jIItncakbZoU6n4YJHfQd6R3JutKZ1S2wJ0hSxG5O0j6dlaHClf1KNnlsgDBtQSBBIO9PSAavElBtq+VQyOJy5dmJQ6ryhwap5B1U/7VNq6joVzKcrDpLmgwezWKy/6/Xq8v0opAZEKVWpMtKBQsFEqtSWGO/afM/oB/KOqq+Jzi3cZQZVHaRyyqTPlXny8YxBAm++3xEdvLvrJWbo9SVzUeOukW37RHz0/GvLrnFMRp/b3fvt2dtaXo3ib128Ve47jITDOxEysaExO9aSpMaO5ImxyFXB5TU2Gcq2hj6Va4lZkTVbhwBGu4MeEaVzSjaOuLpm+vF3yZWVSNNe6tHCcZSIZT4QfrFZVjhzMOiR3HSlGCuKfYPhr9K5pX0dMeLFxOHR3ZkXIs9ETqNNZjTeeun2EK8lPhrVq1gbpGiN4iPrU6cNu/B/qX86k7ZZOK9lRwqgs4UDnUb8VSIB26g35VZ4zg3TDu7wAADvOsgLt2xQxZvBtt+rn+ors/mXGLdHB/XJSklei5exYa4jCeY1EdVGXC7+kV5u+ZbqyxKnaeRkUYYHEZHVTzEijmVuwYfGi7xnBO95Qg3USeQgmZ8q0sHgFtKAPaPtNz/QUuIxeRVeJEw3XBGhFWbF5XGZTI27R31Nyk4r6FcUpP7HKtdeVcjFgCoBJnaAJNTKlQ49U9W6v7DKVOpE5hECNZ7qSK2FszsFhWQBFbIxyMTAaGYDPoe41dvSkyZMmTESeZjlVXC3nfpsuUZbZUcyATqauY+c5AEzqB19Gu+K0rIX2jLsYRfWO3K4gVuZ5yfOPAU7BYcIiW9iqDMY2iJ/mJ+lW8ORueQKxr16eUVxfoAr0iCVaNfYkPHbodOumAMw7tPRQMxEZc2XqMyR2Vn/1Qf8AA/8AkWreHuw4blmEdwgUQz2VqNy/ADBpSahDU+gxTsdjQmExK5SS1m4sztKMPxry1dq9XvcJ9bhrpZgFyOCB7Wik6UD3uH4dEuEhiQiZJY+25YA6RMRMdhrQaVmkmD1x4/fbRP6CpLu52AUfUn8KHyqc9aNvRTABFQx/eAXD3GSo+6AfGhlfxY2FfJHcWIEwdNayOF4gZykicuY/MAfXzrR4gpuXAibsYHZPM9w1p/pljmtfZraHo21YhTtByqJ78ra9dIo2ikpVI3uDmQK1FbpRQjwH0pw6gZ2KHnIJHzFXrvpNhzdbIxdAARlEnXQ92sfOueWOV9F4zjXYYWjpVbG8Rt2RLtqfZUau3cv4nTtoQx3pk5GW0mQc2MM57h7K+fhQ3hr5YlyWZ2JDMxJbciTPcR4U0cLe2JPMl0FPpDjHxKwTCDXIpkA8sze83ZsPOhAypykwR7J6jRJg8RK5NzyE7dpOy/Ws3HYHpSdY1MaeAHIeZrqiklRzSbbsq43FqAqk9IQTG0kcidxNbv2rP6gjfZvKhXiKqwCz0lB5eJWeemveO2trgD5inZU5x1ZXDLdHoOLWcMezKfkRWNhsQyGVMH971vZc1hh/lP0oZpMO00bNqVhJY4ypXVTn2AGxPfyq3hsIWYPdMt7q+6v5mhANWvw7jDJAbpL5ju66MsVeIilfZoXb6IlrO0Aplk8yAkD/AHfKlxeOtOQVcHQduvcKzcRjUdraBA4CsOYILPHkEmO0VG6WQYawR1w+0kAaFec9dUi2lVCvuybEWol0dxEFlXOFaCDJ7Ymo+CBLYclwkliZYgFgzGdToSvPnApBhcMTGRwddVynYgHWRzIFWFwVuMy3LyiCZ6WwEnZuqn5fhiayyOJUjKTI1rW+2Vg3cMiHKcS6neGVz55SKj9Wn/q0+4P+FHkv0GzHDVMrVUU1MrUtmJL7dBu40AcXu5mUAyAik98Ej5BvOjnFXMqMTsBJ7udeesK0TMTAYQ3LiJ8bBT2D3j4CT4V6hasFluFRMQFHUFAXT5Gg70Pw03Wc7IsD+J/0DfOvQ+GJls5uZlvvSalnlSRf+eNtgzwSyTce4w2lFnkfe/AeJoc9NsWr3yFM5FCHsaWZh5/WjC2XQABMzSSxzgBiTJMESp17fwrzjiKH1tz+NzvOuYzrz+VViRk7ZTYaVscPeLWracx166TWZFXuFLKNtOgXTWSwii+hUS23Gn7FIbhRS/uuSFI6wFnTqn5yeqqmIMMwB5kE+NS3nD5VHsqIArUY1cNxdLYHQbvJCievnUuL4i90DIoQH3m3/kT2nPadKxWZFgga8iRJHd+tEPBSxs52PtOQAAJhYkkgSNTWpGsynQW4OTmDLe0TvJ6tflrvV/ghCXQB7J6S9x5eBkeFS8VtgoayuGYmHQHcN9d/pP8ANWnHQ2OVSPXsHqkdlDtzC66EVv8ADHlAeysHEvDsO0jzrnw+y/8AR6IhhXJ0E0n2Z9eidK4XafauMTCkljoIJ86vtHPoTAqUUuszJbYsSWJ0026qifidyZaPEf8Aatm5bCMVUSAdNQNG6XwmfaqK7iVBgr8gG+rD6UVVg3RlJxQgiUU+X1mrmG4qoPSUhSCsAggSI200qQm026jxX8FBqJ8PaPKPvAecUaBZX43clbd1iYyBT/mZdx8zWD9ob4D8xW5isM75SSnqkMIEOaCdSWOvS1EDlM0nqE+EedajWR5aeq1yCpQtTGMn0mxGSzk5uY/lGrfgPGhA1rekeJz3io2tjKO/dvy8KyWMCnQAu9HkVMMekud8zRmGbXoqI7hPjRniGCYaSQoCySTAAjcnlpXl3oTg898uR7P1YyfIedem+kVnNg7y/wDtv/sNc+XzSOvCqg2Dl7jNgI7LeRmCnKFbMS0dEadtefXNe/nUWFcgMB1T8qUNInf610VRy3ocJqzgHiNdmn5a1WRpqTCtDwTAPPqNYBPiU6ZgyDrP78aiZgoq7iRGpIMcxpvVBUkyayMIgJOZvCtjhWLdGGRiNRInQ94rHd5NWcFehhzPIddZmDHidtHUug05j4SfwoOxilLisNiY8xRhbuf2YQauTmeNl6l7YFYnH8NCEc1lh5UE7VMbp2j0f0dfNaU9goSsY7NdxFtj0ku3MvamdvodO4iib0RM2E7hXmuJxZt4u5c3AvXMw61zsGHy84qOJfJl8z0gytYd3kqpIG/7660uGWVJlTtvO/iK08LlNtWSCjKGUjYgiQazhZzN0ZV+RG3iOdZzu10T40bVnCI5YspPsbEgx6tNhzqtdwmGcI6u8MFPcH9gt0ejOwmJNWOGXwzOoPStraDRyfJrHXsKzvW4cyhuFSE9S3QbVUlRt7wlte3bar0rskOThtqdLsCC2seyIk6xoJGvaKfe4OsgC8p6xAkb7jN2H5VB621ARrgZQ7MdH1RySyHNsPZ206NXMBdQOsXUeVyN0wCxzM05YMnptppvRAV7+DKJeSc2XI8xE5hvH8seFYWai7G2+m6ja5YYfcYj/wDQUF56ICRGrsRjFRGb4QT3xyplZfHj/Yt2lR5ipFKBpmJJJ3JJPedTUF86Gp6v8JwNu6YdZiDuRz7DTJihF/R9hMtvPHtEsT5CPACiD0jx6rgb7AiChCmdy4yjzNR8JQW8MwQZcoaI5VR4W5+wWTMnMN9dg/XXM9zv9O9LjjpfR5jaQgSOYmeXdXINZgjrjUGreP1uvPxN5k1Xt11WcDHsgpDbO45a1M7nLvUKOeusAtNcBXwFVL17kKddOhNV00+dZIwoB56fWrNgxtpVdKs2qLMEnBOLJb0uAuI0iMwPbO4pnG8XnR3y5QVgDc+NZVqncU/ugKRLdj3o9J9CpGGSdiv0Neb8aQLib4ja7c/3tXp/okIwydx+pry/0jcnFX9f+o3kYqeLcmWzeKC30A41AOFc9bWSfEun1YfzdlFaQiO8S2yjrY6KPnFeScOH9pbbWc6ayfiFev8AF8ElqwroCGFxTOdzz6iSKM8StslGdaLvDLGVFWBnyln5y2bpa8xJ07IoK4x0Ltz+MkeJmjfhfsWzzyfWKDPSn+/u+H0FUqtCr7KwvFHC3Co6M5gZBHLlU6qFdWUxDKZG24NYF/2n8PxrWwBm0f4j9BR6Bdhl9tCunrBABdC3KHXN9bYoe+zW/wDET7wohxCArbkT0h5iPxPzp/8AUmG/wLf3RTin/9k=', '2022-01-05', '2'),
 ('Ai nào cho mượn avatar để em đỡ cô đơn đi', 'data:image/jpeg,base64,/9j/4AAQSkZJRgABAQAAAQABAAD/2wCEAAoHCBYWFRgWFhUYGRgaHB4eGhocHBocHBocHBoeHBoaHhocIS4lHB4rIR4aJzgmKy8xNTU1GiQ7QDszPy40NTEBDAwMEA8QHhISHjQkJCQ0NDQ0NDE0NDQ0NDQ0NDQ0NDQ0NDQxNDQ0NDQ0NDQxNDQ0NDQ0NDQ0NDQ0MTQ0NDQ0NP/AABEIAQMAwgMBIgACEQEDEQH/xAAcAAABBQEBAQAAAAAAAAAAAAAGAAMEBQcCAQj/xABDEAACAQEFBAcGAwYFBAMBAAABAhEAAwQSITEFQVFhBiJxgZGhsRMyUsHR8EJikgcUgqLC4SNTcrLSFjND8RVU4iT/xAAYAQADAQEAAAAAAAAAAAAAAAAAAQIDBP/EACMRAQEAAgICAwEAAwEAAAAAAAABAhEhMQMSE0FRYSIygRT/2gAMAwEAAhEDEQA/ANFa2UMELAM0lROZAiYG+JHjTlUHSuxDIhI0YwdCJEyCMwctRVZcNv2ln1bQG1T4h/3FHPc48D21nctXVX67m4u9pbID9ZMm3jcfoaHXRllWWCONGNyviWq47Nww5ag8CDmp5Gub5c0tBDDPcRqOw1OWMvMOZa4qFsV571Hyq3qruV0azdQcxBEjs38KtKrDosuypUqVWTw01ajKnjXDVnmIpr/ZExCYtd2mnKoSudxHYBn61YbWd8BQQFcFSZKkTvBFQbJ8oDgx8IxHymuPPW3VjvRwKfzdmn0ri3IRGdx1VBJkk5DlnXtrbhRLFo8D4GCarL1ejaSogIcjizJHfpSxxtaY4Wq22vL3g9UYUGg0HafiNNts4GQWOYjhVqiqogHOuGE1rOOm0x+kW7XVEERMcc6k2aLjBwrOecCdONIJXQWMzRaeU1jUq7pOo5zyjIU5+84TE89/yPKq4XoyDnGXIc652ntGzRoZgDAMZk59lLW3P4pLlyu0t1IkKpPn6VwdoxqCv8Ex34vlQhbdJEBhVdo1OQH18qif9SOx6pwjhOLyYR5U/jaWYfo9F+sz/wCU+AH9M+dSLF1b3Zb+OfItQAvSN/xIjdxB8jHlTydIUPvWEc1f5EfOlfEVxx/WgewP+Wnl9K8oI/6is+Fr4j/lXlL46Xp/Rvt9ZsJ4FT/T86EmPbRnf1xXZx+Unw63yoLjt9K6PJ25MOntmzI2NGZH+IHUcCNGHIiiHZ3SUGFtwEP+YPcPaNU75HOh3Dy8TXvhUTOw7jK0NTOYzB0PGuqD+jFqy2gQOcDT1PwzhJkA+7mN3Gi+t8LubZ5TVe0qVKqIq5r01RbW6T2FiSmMM4yInJTzjOeQ8qjPo8cbldRN2jks5ZHfpoaoLfaR0SDzgx651RbQ6UK5liz8ABCjuJ+tVlp0ib8KKO0k+kVzXDd27vHhMZ/ldiR8TGWMniaWADMmgW32/buSFtIHAAKeYDVHe9lj12afzEnwJ1qpi0nlx6g5tto2Ce9aLPAGfSoVr0jsgYVWY9gA8z8qEXzGdNXe0zIOvrFV6wXyWXQltukz4sKooymSSd8cq72VtO0tLRg7dUITAAAnEoHPjQ45645qf6T86t+iyy7nivzgelLLGSM8ssrLNiexII038Mu/j2UM9KrQm3I0ARQW7py550VXYxoSOVBnSLrXl5MgFRG7JFqcO2WM5VoeclyHHj9e2vRZjh37/GvZpTWrX1hAsNDPJvrXQvA3gr6eIria8mga/EnGOIryomAcBSoHLerFcSMvEEeIIoF7/OjTYzyin8i+IAnzmgDaPUtnXg7D+YxTzm9OPGpeIcq6n7AqEl/O8Dtp5LedG9KxsaLfY7w6HP3wM43kD5mjOgC5WsEnPqw3hJo+rXC8Msu3teMwAkmANSdBVPtvpJYXYEO2J9yLme/4azXb3Si2vJgnAm6zXT+L4j25VfsrHx3IY9IOm6JKXeHfQv8AgXs+I+XbWdXm9M7FnYlmJJJ3kmSajTXs1Nu3TjjMenc1He0xGB7u88eQ+tcu5fIZLvOk8hy510B2Ul9vSinKBFcNZZQCRy1Hga7ivJoKyUwwZdDly0/Sfka4c74II3j6ainbU5gV3NCLjvqvC7OFKqZGRjTrCAe/Kr3osWxWmUQFAG/Vqi3C+qqMrsBlC5ZyQcsh9zU7ox+P+H+qll0nV52IrNGJ1j660GdIGi82h/NB7gBRzYpmupM8pkab/uKBNrsTb2p/O/8AuNRj2eCKGmva4uyMzhEUszGFVRJJ4AUWXPoNeXjHgQHWTiYdy5edXllMe2ntPsLV6iEmACSdABJ8BWl3ToTYJBcFzxdyB3KoXzJq8u13SzEWa2aCRkiR3mJnvrK+WfSfafTJv/hbz/8AWtf0N9KVbBiPxN+kf8KVT81/E+1R+j1pKL/EPMkeRFBvS8FL0/AwfFQfWaJujVpkRwef1AD+k1SftBsotkb4kHkW/tXVenLOwU94Mmu7O9kcaatXUEys99N/vYH4FqVboi2JtHE5Rs5Gu/UfWtEvIa2skVLZrIsFLMoBJBWSATprrWX7OY41gEyDoOU0d3e2IRDyA/QSnyo1+DfIf2h0CtiS1nbJacmlG+YPlQ3ftgXmy9+wcD4gMS/qWQK0c3tkc51ZXbac60t2NJnYxUVyGDa+7y3/ANq2jaWwLteVl7NZOeNeo2WssNRuzrPNsNdEtMF1swqqYa0L2j4j+UMxEcDvo2v5JUG67OQiXGEGIAJDHuM1NdbufwAkcyW7zTXtQwifr21DvFk8j2efdrU80rnUs3SxfLCVO4g/XI1X3/ZboMQ6ycRu7Ru7dKhNeHxHEufKrjZd+On34U+YMc6H7NS7woLHcACT4Cri7dHr0/u3d/4hg/3xR5sLaCGQeo5jNVWWygAwMzVz7YfnbwX6Vll5bLrTSZMs2l0XvFkiPaKqguqe+CQWmJwzAoisdgPdOq7ozPmMMwMHbrr5VZdNDN1Y4WlXQ5tP4wMs+BrrbYzTCsdUnIzvGuVL3uUiMreTFgpJnfn5b9PKrZOjt1Ax+yV3PWMqzgkmT74I41VXaIzGe4ntmicXg/E3cn/5pZ2zosd/TywsUT3LLCPyhE9Ip5ifgGo95p1Mc6ZNqx3P+qPLEKbKE6r+pifrWZ6TGWPxInn9K4LrvtQf9IB+ZqKbOPhX77qbtLdBrapruIBy01Jo0Nf1OhfjtP0f/ilUH9/T/PHiv/GlT9b+DX9QOjr9ZhxAP6TH9dSeml3DLZuVBjEM+cH61V7BeLQcww8AW/pFXvSlJuwbLqsvoV+YrtvTnnYFtLBM5RPAfSmzZpphT9INdWtqI94aVEa9LPvHw/tWWqvcW1i0YIMAEaCBFX1g3+GPysR4w/8AVQkl6GAHrGD86KLg8o4/NPiIH+yrxhWn7+Ot3UwjkVKvS5KeX0qFbuEVnbRQSewVVgiv6T9Iill7BDD2nvkfhTh2t6TxoEe8R3etN3++M7s51Yn+3gMqiF/L1pSDa5u1qSYmfrRlsfZEiTvob6L3DF1jWi3FMIFKrxilv3RQMJkzQ3fNgPZnEomK1OzfKol7slbdSh6jPrveCIOYPoaJ7nthGQYg5cZNBMTx1GtUfSC7BCWAgHX60uit6BtVRo64w9+75ipywmXY9tJ3SG9h7vagI2gMnOMLK3E8K4a84lsyUwjAP4pAz0ol23s0G7W4GpsnjtwGKG2cewuzjObIeRK+OVL1knCPa2pN0ck8RnE5AafKp2O8t+IDsUfMVE2ehjTWN/3nFGS3ZackvcO5aDIut4Oto3dl6Uhslz71o57WP1oqWwFdizFXJJ9JuQVTYA3yakJsJOFEeEUiKafZQ/8AwqfDXlXvhSoPbPNlHDaJ/rUdxYA+RNF+1bPHdHHKfAhqDBlmNRp27qPE69m67mDAdhBA+VV9JZo91EeNNi6jhVxZWIIk08t1XhU6CqsrAYSIq82YPeHFFP6ZH9dNGwWNPWnNmnrjmjD+YN6LThrG1WUU8DFCPTW+4LEIDm5/lXM+cCi9fcYcD/asu6Z33HeGUHKzGEdureZ8qZqHHJ5CurCzLsFG80wDVv0esMVqOQmiicjnYd1CIOVEdhfrIaun6hQ/aqioMeg5kD+9U5vdi7hFQ4jGH8OKdMMnrTy4VEm2vTQ0vaEdUg1w95G+hfZqAEFZz+4p/bFqVQkzEZxrTN50ltbI2bddQeEiaCLjeijAg5qQR6+op/8Ae0ZC4swVLYTMlpImcxB1GnGqhHzHafU09Iyu27Jai0sv9af7lrP9luXut2HwoQe32r0WdFLxju1meAjwMUFbKcqGSP8AtvaIOACuT6k1nekzsTXDIjmQD20ZI80CWF5CS5kqBiPEBczA35Cmbj+0ixdwrWbopMYiQY5kDQdhNPGDJoWKkXqILWvWtBVJ0kG0rk2gqOXrjFRs0j21e1GxUqWwz1L1JGVH+xnmzQ/kXxAAPnNVl36FWYgtau3YFX1mr27XVLJQinKOriIkmWY8Jq0g10wsy8GYeDEUsfOim0uNlJZkSSZJOeZ11rlMA9xf0r9BSGg6qk6KT2An0pXG6urqSpABbWNCjDSZ1NX9oj/Ae8gf3pv2Z3so7ATQaDbWwRLRjoqlvCTWK3q1LuznViT4ma0jp9fsFh7NSZtCATp1FzPiYHjWZOaqB4d1EPRFx7Qg8BQ+utWOxL4qWigziLRO7Pn2xSs4PG8tZS6o6wwB7aaTYCK4dVXEBAaMwOAPefGm7lechVpZ3sRWcb6iPZ3VVIgDnzqXtC7qQMt1QXvyBiXYLERO81Jt7+rKonPd2U9jSkv+zlg5VnN7XDaMv5vXOtPvl6GHOsytwbS1dkBYFsoE5aA5eNOJyjSOil7VbCCdDPiJqlu6jHbFc1NtaEHd1mmqG9s+HCSyDhmo0jvq06OPFnH5jUWp0vb1Yn93tQiksUcLnmSVIAFZg92ZYxMuEj3s4jwmeUVqNpalbG0bTCjGeEAnLgcqzPae0WvD4iqLl+EAYjvZo95j5VeCchtZftCCIiexZoQDFiC4mAAJiDA7zXFl0+tGYYrNESc8yxjfnAz7qBUYDhNJnMZRl61Wojba1vTEBg0g6ETEHTSu/btx+++g/oNtQujWLnr2eYH5Tr4E+dFF5sGdCquUJ0YDMUtKSPbN8XpSoPOxL5/nn9b/AFpUv+Ftq0P+UeLeeVctYz7zMeWQ9AD507XjVdJGFmg0QdpEnxOdeWlqeMV6xph2pBw5O81Ec51JZqqdq3oWaM5MADfx3UGzrp5tDHb4QerZjCOZ/EfHLuoTc5VK2jeS7s/E1Cc1UI4hzpu8KQZ7waVkc6dtCCKAPuju0/a2ak+8BDDnx7DV3aFsMqRPOs+6MMRIBzBo3uN83NWeU1W+GW4jttR9GsRP+r6xT9htB2IVURQdTJYgbzkYqya5o4nKou0Hs7tZs7EAAd54AczRy398Jj1yH+lF6Kqtihm0tMtdBvPKrTYFj+53YP8AjYri11yyJ3ZelDHRq3Ntb21s8dWzJzPuyeqBygHOi2/2y4MJP+HbqCp+FstOG49ooy44ZYz25GHRy+tbJiYysZT51G6UXOzCY1RVcMskADECYIMa7jPKpvRq7ezsUTgont3+c1X9MrSFReLen/upvTK/7KJ3hGYAEKpMGYMDQ1Q3u52NopAs7OzY54lVASTOUb9CdRV9bP8A4LgL+Bo3mcOQH3voJtb1kCIBPbOXqewUsbYnKpFpcVCqzKjkZFsJUMMtVBgHcD60+bw6qVUKFYjCAqKFUjD+FRpOue/lUGzvM5FQZ6u7nJBri1ZgMxPaYy3ZiDmI+yKOWa26P7WthecNpas6EQAHBEmI6pgkZESBlNE+09qWirNlZhjvkwQNZAghqB9nhg/WZIOZwlWOWYwsPxaTmfQVNTaLhEQl4BGZOcRlJXMA8eXfVWn7Lb/qG8fD5L9a8qpF75/fhSqfYt1tZNcWjgUNX2+uzSXwKJGTEMw+WedMvfzAl0LcGJbCCZgdUljkQTyGQyq7kpfvaAjKmGNVp2i2GFTqKIxs6oBx7IEc53VUPtG0XJWLKpGI4sUTnGLeMte3Si5SDYhvF6VFLMYAEk1mXTPbxtD7MGADmBuG6eJ++ZuOlu1WCFQ6MIEhROZGsmY31nVo8mTTl2Zs1zgymnSK4tHy5CtIRukTXv0ps7+VMLro/aYWz3nI8aNLNQRVLddlYUCsM/MEVcbMmMJ1GXbzrHLlrjw6tLV0HVYigPb9/e1tCHZiq+6DoOccaPNp5IazW/PLt21WMLOuUt2VWVWIVwAwG+NAfGjHoTe2tXRHMpYrKjiZ6s9n0oIDVa9G74bK3RtxOFuasc/ke6qym4jHLVfQOzbQEDOhr9odqUNiYyIfyw/WrLZzQBFO9K9npeLq4bJ7NWezberqpPeDoRz5CspzNLynOwGu1ENnaAnA2BsJMkThMQRp38aDy4ZiC6nImY4cj95Gu7DakxIHb/aod9WGxqcj/KfpTmKMuU32yFcIj3gSYzwmMuyvEk5lSUAzkNI3gaZZVCsrZowmcj7xHHKJmP7TXRtyNG4ThJEAZZg79deNP1QslCIxKg5EyGae6QNN0Ult8R/EAScIJ6pOUDz7e2oFniIYRB1zmDxkDInThTr2SiZcqx0iYy1BjPTdxNLQWKvawIQRuzbTdXtQIs+fn/xpUtBqG08IxyuNjuhss8oImPnVZcL0UzCEngCB3ffCnL9eyZMlczGFokZyTkctNBVM7zOGR4yRH8tZ5XncOrfaF4lExO065rDDLQYRG+Z1yNUd6vcMSAZEmIABndll315eL0MIYyTGEKNF7Y1PbuOgNQXts2YjMifT5fOlze02oO2dp41UAQMMDdOec9/M1SIN58Kl3qz6wEaad+fzFcpYwJ5T410xZgAnOukGVPssiK9srLLrGF+8hTCKqatTYcKePHvp6+W0jqiAdOzj8vGoJqg1HY17W1u9m7GXw4W5lDhxd8A99WF2usEnjuqL0LsB+52Ub8c9uKfnRCEisr21x6CvSG3VUIxDFpGuvZWcWyDWZk/edad0yWbB90AHwI/vWYWlVinM0wp+yaMhXJiMqSHOnWcbxsV8VmjfEoPiJq3vCYrJ14ow8VIqm2EmGxsxwRR4KBRBY+7WEb3p81C00kbh6cqmWRDI3LOuukGz2sLza2LDNHI5YT1lPepB764sOrZMT+IwPU91b1inC4uwUqk4kxQqiSASJgZxnBjTllUOxsS9oqhCSxgpod5YZ9+dGeyLIPdrJiIIU4HGqEFlDcjrmO+rO6XWQr2mFrRcsYUDGs9ViM849Txrnvm1vhOwdZXkSxwgyRIABAkZA56Tw/8ATr2YdeqqqdFMHgZyAiNOQo+2fcrGz91FxagKCSJ3ltSe/KpAuVmMvY2YGsYE1OpOXPzrP5p+NsfDcpvbMfY2nwWf330q0z92T/Ls/wBCfSlT+f8Ai/8Az39B14tmkK5UjXINIO/dmJPE109iQTCgzoNCROp3zvzFV96sLT2i4VMsQC6hRmMyTMTBOvrUm8M5IacILakjTfAzJP3zp36cqJe7dVyGF2A0GUDf1okb8xu1io4tcIk4WEcuJylYzgrnAnhT9rcyyOSAws9WzUAkgAMAysdd0wQZ0qstAAd0Aac95PL73VrjFSIlteCxyB115mmQ7Dj4xUn2oGhGXrvqI7FmmMq1gp9LQ6U4iEnEeY8vrT6IBHlXajMffb8qDUrvPypqnrwIdhzPhqPKmT8qqE2nond8NysOwE/xoreoarRxXuy7vgRU3FVHYVHV+Y/iru0Sscu22PQU6XLNkRxgeJrM7xZETOuh7a1Xb1nKHlDHsUyfKaCOk90CvjUdVxiHCYE/0+NPGlnAwKKegezktbzLqGSzRnKkSpMqihgRGrz2rVGlipH3lWo/s1WwN1trFYW8E/4hbeP/ABkH4RnluM8au3hnOBPcLPQDuq+sbPCOdcXS6qigDMxmeP0FOtNTjjrmqyy3xGXftW2cEtUvBQMrrgbLR0Bw581OX+g1m14ecwCN0bu6vonpDslbzd3sWiWEoT+F1zQ9k5HkTXz9f7RxKOMJVipXKQymGHccqpP0Lui19Au9mCcxM9mNsoPbqPPSiIWyYBAgcNOJ3aDSs52bOAACTu8Z9aJLG/MFQPqOAzYFt50yz11muHy4X2uqmY7omsrdWOEthXPKTB01YAkznuqWLBdzIe8T/MflVFd7zOjd2/wqfYvUTx77dOE13NrLAeI/Uv1pVEkUqr4409p+QBpfTmvWExAy3kDePuK9SzLHJsQkDMRBOUAHM91N360xvBZQVGEwJeRu06oneJ51Kud0f2YYIS4P4+qxIJkATujdGtbXrbgNXpcJcHq6mJPWJzznv50N3m2kkVdXpGK9ZgTE6QTlpJ14fcUPumcd5rXBccFq6sF3nd8qdaypot4VoafdnJOX3yqUDJy8eVQ7suFC28/Yp5LwEQzqaArL4eu3d6Cu9m2OO1s0+J0X9TgfOozkkkneavug92x367r+bF+hWYeYFUTcTYytMXlcp37+3j3+s1ZMkCDUd0DSOOX33wayym2mN0HHswxcH4G8+r86BOkLYEVG1VjB/KQfp5ij27jrW35cKnvJ/wCNBnT5BCkcc+/78hSxPIHI2fCR9zRR+z68kXsKdcDj0y9PChaxAKPO4AjtLAR5+VWvQ62K3yyz1xKewo0eYFaWM5W82NqTGeUaVLJqoudrpVgXkHsqZTsPoZANYP8AtHuoTaFuBo+B+9kBb+bEe+t1sRlWG/tQcnaNrIiFswOY9mpnxJ8KuEq7i64VjHJkNl1QRmAG3mM4jfV/ZvmBA6iT/LiHyoX2fiMosy0Zj4dH8oPHq0SC2XA7zmTgIBGghgfDKubyY6pddJ1koZVLRJqwu9nwZh3n0qhu97RT1OsYzaZE8MOuXbVlZX1jEJ4antA0qd8NMc79rf2Z+M+X0pVH9s3wfzLSpe0a7DCXqzQSqEPGElSCWIiYiRnvnz1pu1vdrbKUKAKMzJYldYbFkDB4in7K5YGlcJJz0ITIxnJ04Cdeyutq3V3QSqgbypOuUe9AMdu+tJJvbl0rzKJABbTgAuRzygg6mMp1zqrtV62ee6eNWVpjWSWjQaiIjQjiBlO+oBYDPfuq5Dhu87hUW0WBXb2kk066YkBH3FaQ3bt1KgWzk91PkmI4VGcU4VePRr+yi74r6XjJLNjPNiqjyxeFBRrRP2XqEW0c6swUdiifVj4UXoTtr1oMS5VWO8GvLO+cDXFsQ+hz+5NSpFtLDClqw/8AI2LsgQf5i/iKz7pcmNI3yxPYik/2rQb9aQuGco8qzzpdeQrMs/ggDm7D5I3jS0ewQq1adG7Im9WMfhdSewHOq5dDV70ScfvKRvYeABp2pnbXLs8RVkj5HmaqbE51ZoeqKiNFhYNkKyL9sOzmW8Jb4TgdAhbdjUtkeeEiOw8K1VXgGqXpts4Xq5Wyx1kXGn+tATHeJX+KrlRYwm5WuF1bgc+w5HymjgXEPECMtDE8M410HlQBZmjbYloXs1lgd0HWRIOW/jUeSfaT6XKysoVsIk55jzEzXqL15GHDquEyCORJNTmscuqR6abwRpUS52ThmTcdDMAzE6a5ACsuzl9am/vA4ilXX7u/+Yg5ZZUqWov5L+IbXXD1VBYgSdSeJ7qnW2zLR0RQpUSMRbIKIGZkiTnIGprl9s2hJCAWSzlEF9/vOd8GMgMjqYBqJtRXKiXZtSGJmM50MiJBMDLOuiRHCPt3ZNmOqtqbNgSMFpBLn8BBTLA3ExHMGgi8lgSGyYEgjgQYI9fOpl/tWxksTMyDJz5yTPdUbaIxQ4jPJoy62oPeJ71NXIVqLNTLnaALB0qGD1ew12ylTByI3edMQ7anORXNod+6mWY0gcqDctWi9GENnYoNJGI9rdb50A3O7G0dEGrsF8Tr4elajYXaMiIjhSoxT1vZ409+/kDKo6XYc66N1paVsxe7+YNZ9tt2e1csfdGfDKAB50eXi7RWfbRJFrap+cnykepPdSJFu1mGOGdaJOgNwm8WjsB/hqAOTOcmH8KsP4qpLlZQwy1zXuMetEPRy+rZ3pFY5WsIeRk4CT3sO+iiNDszpU5HqEoqTZtULSi2U8TUmwsgyMp0YFT2MIqKBoKV72gtmrOT1bNGY9wxE9wBpwV85MhVip1UkeBj5UWdEXDLaIR1hDqdSAeq0DlC+NCLsSZOpzPaczVx0bvBS3QzEnCeYaMvECqym4yg4FmsxJL7sRzI5DQdgqTAEbo8NPKo1oUcHFBC796xv5RkZp254nU4nBA9xpEMOzSYOvMVz3jprjNzmJfsk+wKVcewf4X+++lS3C9b+KULLd9ObVfCAv3r/YeFe3InGPvX/wB1E200tM7h/trpQGNoJJqNYdZWT4sh/q3ecd01Y3harH6rkDj/AH9KqFUa7LLAbiQDPbnT15tMTk+9O/eYyB8BXt7GF8Q0YYvGQ3800wqEmACSdANT3b6YOWug400aIdndC77bQUu7gH8T9QfzQfAUT3H9lFqYNreETiEVnPicIpbg0G+gdz9peQ2EkWaM3KT1RP6mPdWhoSGOJas+j3QmxuocB3cvhxE4RkswAAMh1j5VeJsuzH4Z7SaWzlkDKWwG6vHtWOgosW4WY0RfAH1rsXRPgX9I+lLZ7Z/elJ1PdQDtS6//ANLD4sJHOQAfSt5e6J8CH+EVGt9jWD+/YWbdqIflS2NsZdVJECIBy3gAR61D2fsx7R/aPKrikRkZ3RwFbJbdGbtr7BB2AjLh1SKjN0YsohQy9hkec0ShxcLxjQMfe0b/AFb6nWVVlnsx7FpViVOoI9DxqzsXUiZqauHcdA/7R9sCzshd0PXtffj8NnO/mxEdgbjU7pD0pSxJRAXfsIUcyd/YPEVnlvfHe2Fq7HEzGW01EbtANOyqxTlfpQ0/dnwsCNZy7d1SNrWAS06oADAMBwmQR+oHuIqPZISQAJqr0hoey7At19UYBiTl74iQZyjLPtqxuyADqqAWHWwiOsIAaDIB3eulPdF9gXp7JRaqESBhDZNGZzUZndrFEdl0VVf/ACtoRkAMj2k+Nc3pla2mWMgWwv8A53gHjuypUW/9MWfxt4ClR8WX4fviA9nLJJqpvTlieZ+/ImrdepZk7yPmapxvJrojFX2iz41Gv2y7XrWmA4BhlstTA0mSNM4jMVavZ4VHPOrnZie1srRDmTZ2nins2T/b60bGlf0G2Jd725S8YjgUsqq2EMCQCGIE5ZaEamta2Vse72AixsUTmFGI9rHM95rKehVr7O92ZnJjgP8AEMvOK2OxNFH0dNKlSoIqVKlTBUqVKaAVKlSoDwilh5V6KVIzbWKnUU3+4WczgWeMVIr2nqFuo95uNm64Xs0deDKCPPShTbX7OrtbDqFrFtcusk81bPwIozpUag2wzbnQC+WEsF9sg/EksYHFD1h3TRP+yvo4mA3q0WWDFbMEe6VyZ44zkOEGtMpuzObDnPiBn4zQNnK8pUqVoKlXk0qWzZJtE/4YHP5CqpqVKgJ6WQNooIkQMv4ad6F3p2vBUnqiMgAB7rDcKVKlVRV7IytkPC0X/fW02NKlTpJApGlSpkVI0qVMiO773VwPe7vWlSpG9Wk+773GlSph1SpUqRFSpUqcBUhSpUAqYP8A3F5jPnnSpUqIkVzSpUUPaVKlQH//2Q==', '2022-01-05', '2'),
 ('Nắng đã có mũ, mưa đã có ô, còn em sẽ có ai?', 'data:image/jpeg,base64,/9j/4AAQSkZJRgABAQAAAQABAAD/2wCEAAoHCBYWFRgVFhUYGBgaHBgaGhoaGhgYGhgcGBkZGhwYGBkcIS4lHB4rHxkaJjgmKy8xNTU1GiQ7QDs0Py40NTEBDAwMEA8QHhISHjQrJCs0NDQ0NDQ0NDQ0NDQ0NDQ0NDQ0NDQ0NDQ0NDQ0NDQ0NDQ0NDQ0NDQ0NDQ0NDQ0MTQ0NP/AABEIAQMAwgMBIgACEQEDEQH/xAAbAAABBQEBAAAAAAAAAAAAAAAFAAIDBAYBB//EAEYQAAEDAQQIBAQEBAMGBgMAAAEAAhEDBBIhMQVBUWFxgZGhIrHB8AYTMtFCUmLhgpKi8RRywgcjM1Oy0kNUk6PT4hUWJP/EABkBAAMBAQEAAAAAAAAAAAAAAAECAwQABf/EACgRAAMBAAICAQQBBAMAAAAAAAABAhEDIRIxQRMiMlEEUmFxgRQzQv/aAAwDAQACEQMRAD8AakAkkrmIS6AkkuOOwF1cC6uOETHFdYP33prc55D17+Sgt2kWUmy4wdQGZ4Bc3gUtLoTK1oawXnHAZlZK2fEzzNxoA2nE9MkPZpB9T63E7vtsSO18FFwv5Nk7T1Afj7O+yfR03Rd+OOIPmFhalPYBzULQQcuk4IebG+jJ6nSqNcJaQRqIMg8FKAvM7HpSox15jzvBxniFt9B6aZaG/lePqZPcbQqTaZKuNz2F4UTqzQQ2cTkNqVdri0hpg4+WHdVtG2ItJc43nHWuuvFHcceVYFKTFdpMUDGwr1FiyVWnozOLENLE2jXGI2Ep1oqBoQKy28Oe6DgSSOqTeykz0aIFJzFWpVZVlrkRWVqtla7MKjXsOuAeKLprmJpup9MlXHN+0AbrvynokjXyklT69fol/wAWf2ZEBJPXIVzIcSToShcHBJOK7ChtdUMYXHVH39F2nJFPSukhRZAxechs3lY6q8vcXvMnOT5Ka3VS95JMyoKzowHv91Cq01TCSImmT7lXbPZA5kj6h3H3VKm390VsL7pBPmY6DPmkbKpaUzVAzxPQBTU3SBgAO5RB9iY8F7Z2x+yG1rK8EE4DVwC7yOcnXUWbp97kqTHMeHsddc0zI17im/LacAZ6fZPpkjCcNhOPIphc032j9INqtbGBI8Q2bQiNB4vRuWD0ZaixwLThkZ9QtNYLVL+Xqlqm32U4olLo0D3SQFeabrZKEUXS+Nw8yitUeDokLZgMtTr8giRsOR4oZVsAabzMN32RBzlBUetn058cw8361+epklktOo5onSqrNm0m/AE/mOUbANp3fsidmrLNUuWbI5Fa/uG2uTlTpVVYa9KMPhJcvLq7DjIhqRanJQtR52HISurq6VwcG3UD+IrRADefM4D1R8NWO0vVv1XbLxH8uCWn0Pxz9wMcIE6z5KIU++PvyUtUy5WLOzXw/ZSbNOEDKGMddwCv2azE5DPZ91NY7KXkAD6vIe+y2ejNEAAYe96m2VmQXonRWsiN6u23QIeN601GzAKV1MJdHxHldq0U9jjnHWVQrU8cRjvXqlqsIdqWX0voobMdqdUJUfox7Hlp948fuj+jbSS9pnVHHis859x5Y/kfepXrK8scDlj0KNAl4zd0qoLmvGGBB7Zo6595hA2LN2aHND8Lrvq2DH0PmFJoj4gpva0h4F4kAOwJgxEdOqRPDT4eaxeyw9UbQ+JJ1YqWzVw5z6c403OHFs+HoICr25vhdvw6mPVbfLVp4zly8YykyBvzPE5qZjiE1owXb2zLWTgBGuV2aDWu0X6FVXqdRed1viB5qBzD4GnIiL42u1jdsWw0Zb21GB7ThrGtp2FZqST6NkV5Lv2GbySrfNXUpUybtMUh/wCKzk4HyUT9O0f+YOjj6LMts4/5beZTxROprByWjTBgcd8Q0tRceDT6wrlg0myoYa/H8pwPIHPksx8l21scFHXspbDm4EbN2sbF2nYb177rC4/hBd0Cw5bmePcytDYNIGtZnhx8bWlpO2Rg7seiB1mw3r2ge+CWi3EUQPv1RexWTwPedQ7uMD16KjZqd5wHM8AtVRs91jWnW+T/AACekk9VGmaZn5LXw/YRfcY+kBg45la2z00H+Haf+7vH8TnO7x6LQUmpSw64mlqkKaQuOIHMQzSdmlpRohVLY3BKcjyX4nsoAvDOYKgsFS/TE5jAnyKO/FFnwd1WY0U+Bz8xHmQqz6IWso3Hw5arzHMdry45ed08ljaxNGrUpxg17oG44tIja0t7Izo+0Fjx7ylVvi6jFVlQZVGAz+phLDP8LWJUu8ZXzalXLxol0JpEtqX3EmSS7abx8XnK1+kmeAkbWHlfavOrM6DK2Y0mz/Dw6S67AAGcEQZ3SN+CvL+DFa+Qgxqo/EQc2zOIBAcWsn/NJI5gEc0X+EazLQ+o1zC35YzmWlxMAEgCMpjXB2K1/tBp/wD8jQBg2o04ZAEPGXMBW6wyt/ckeWNYr+iLeaL5/CcHDdtG8KANTHBZmaV0egC0NOIfgckl57/iHbT1SQwp5stBq7C6F1OZ8GXU67IISKcw4rtGwg0TUuOe3U5jh6eg6p1pEwPfHumMZDydx7x9k8kmSNeA8vNCnpXjRa0PZbzstYHq6P4Q48lo7c2MAMA0t+zugd0VXQNMCCcmguPEzHZpH8SuPxOMbDzN3H/3Com1LEEdGveykwXNXGVcGly36meYVV+m6bIYZJDZMAmABiTEmBwSpafo1IAMzlIIB4XgJyPQrjvYWs2k2PydjsKttfKEMs7HGQ0DeMERoUrozMIaFpIle5VK78Ey2VD9IMFC6uiy/E1X9UDsAXxMzA8FhNHfTycekH0Wy+IbAaYLg+9gZ1YLHaHbLBvvDsVWfRDk9haq+GB2tpB5bOx/mTNMNc5lN8yGgtA2Sb3vko61TwDe2ehH3KsWGoH03MOyOYyPULn09Au5aB1LV79/uj1kbepuAzDXxzY6P6gEBpOgkHME9/3C0mg3AEzldJ/lE+YCefaIUvtZpPgOTaa7AQBUY145R/3Fa7TuiDUoPZIN4YHHBwxaeF4CdxKwnwpep2qhIcGm9RLoIBIvMGO8gFeh6U03Rswio7HUxuLjy1DeVZ9GbwTe/J4hXaWOcx4Ic0kEHURmCoaVmq1JuMMDN7iGU2zES95DRmMJk6lpvijSbLU4FtFrA04ESXncTrGWEJmjPh5z4Lxdbs/Efso00n0aJmqM9/8AiXf+Ys3/AKlT/wCJJehD4fpfkb0SS+a/RT6T/ZhAUrybLRnCjfbGDX0TECa9uK4ATsCgpWu+4Na08TsRKnTRGRTYcXE7PULtnP0zsnoC7zUtsp3Wu4eoUdjbM9htxGA6hJTLcaNNYal2le3AngMSOcAfxFWrCwlwnieP0gcgH/zb0JbWgNZmQQSBrObW8NZ3DetLoSyki9748MgOCmzbJO7R4cZykFp3hwxBVKwaBFOo6o6XucHDxHW6LznTN4mPNaRtOE8BDWBpfooWCyFo8R4Z9MUVjBRtapNS74A3r0z+k74a57G3nY3RjEgGJjGJgc0D0fUr1DU+YXsaGkh0MZ4r2ADSzK7qxgzjiI2Apg4FQV7GCEE8C1p5lpWvU+RULzMXgDt1ILoiLnAv7g/daf45YG0nDaWjq4LMaPwpN/UT/wBX2VZ/Ez8qysJbY/ws/wAs9Wj7pmj6xa/p3x+6WkD42jY0d8f25J1golz2jKboxyxIaCevmiwLo5a6d2o7MCSehI9J5rUfCbDUcIGDAbx63ef2KmtOhbM8U79ctfjfa0XyYIbIgeEEBuMHIlaqxto0GBlJoAGpuJJ2ucczxxTSl7bIXr6lA007td7QY8DHg7Cx9+eMgIR8ipXeXuklxJLjvWjdZS998i6btzAn6SZIKv2eyAZBC73pDcfD490C9G6GayDEnaUdo0AFIymp2sUyy69EXy0lPdSXYHTwAU9rh1Lz/Th3XWsE4Bzjyb2Enut3YfgX89RgjU0F54SboB5FHLN8OWVmbXPInFzv9LIb1BVsZ575pXrs860XRIc4lobhhtzG0kouxq12mrKz5JYxjWBsOAaABhgcANhKyzAu9DxSpaR2qleYeCBuqXThOerA7M1pmY4LL6RYWcR+6WjTDDXw89r3ua4y+AYmZk479nZel2Fga0ABeHaLt5oVmV8SGu8Q1lpwcOMGeML3Kxva5jXtILXAOBGRBEgjdCm5xl5rVhYc1NOCdK4WylZRMcx6eGyoXtMQCRvGfVMvviO5ROwbkU6o7BKmzbiVHaXgA6gpjLDy3/aPavGykM/rPDEDvP8AKhtiZDGCMmyecn0Q/TFs/wATaXvB8LnXW7mNwB6Au5lF2fVGQlo5NErQliSMlV5U2VLVRL33RmY5AAElErNZgHNG4dlBTdL3PGsmOHvHmrlnfr1w0ep9UWBGi0fZ2fUGgmBjhIG5G6MYZQsEzSbqVUgYtGBB3NExs1ra6KtTKzA9js/PZxUWnpdZgapsVljVVsz4wKuhqZE2OaFIAuNCkaERRsLikhJccBC4nV9+qbOyPQb020WljPCTjE4YnhuKrnSMkwMM5OYw2DArQpbPD7a6Rac1uvGdWeEe+yyWlLEabyPwnFvDYd6OstGB1GegPko6zA8XSJGz7b80GjRxOpffozbXwhOm6YuueP0z0f8AstFpTQNQUzUpyRMNDm58IOPEbFnbZZKrKTvmZktgDVEqdI38dJvozg2aivW/gGuTZGNd+EXRuAJELyZ1PAcT6fdet/BNKLMzeJ/mJPqkp+i8L2aZQWiuW5NLtwie5U4SDZSlU8Bdp001v4H8x9lWOnQfpYXTsDvXJFbTYr2QVQ6LMYuw17Slem2K4PHtElltV8TdI4rJf7RNO/LpfIYfHUBBj8LMnHdP0jnsRvT+madkpXnYuypsnxPds3DadXReNW+1vrVHVKjrz3GTsGxrRqAyCaJ16zDz2lqkk0WzxA7SBy1nt7lGqpwJGsnvA+6HaKZLhz99gircWHDKO+Ken2RlfaKzN7KzY/qje4d4CrWfB0K1Q8L+QJ5nFccUdIDxzkZd1b+0Ijom0vpPa9h8B+puozjjvz5qHStPxHD8QI4yQeox5p9M3QDEgf8ASfY7oYPvR6RYqzXtDhs6hEaTlj9A2vDDFuEHzHJaiz1ZXAYRanyq1+EF018RsoggeN4/CDgP8x1eaKWiNpds0N9dXm3/AO2V9rf5UkfFifVRotK0AWMqDXg7jmDu/shbDBCO2WiXUnMqC6SMJzadRIzCHUtFvMg4bxj02rT5Yee576IGnKDjt2Ijo+k2S94kNMXTkXRe6AYxtI3qejoxrRjJ7rlt8JDBqEniYPlAU9GmMesZbrU55kn9uCzXxOyaTsdgHEn3ylHnuGtArTXFV3hEtEtbsJOb514YDidqWvRqjdMdWsZdUZSZMkiJzkk58BnwK9c0PZwxjWDJoAHAYBA9EaGax/zDi+LoJ1DcNS01AQot6a56RZupAwnsKeGIDoYaiGaTt9xpIxOMcd6J1AIQa2075jUldDyjx7Tbqj6zqlVxc4zGxokw1o1AbPWULu++q1fxXYywzGtx6n9x1WXarS9Rn5FlBTQlOTh+U98u3miVmxvjtwzVHQjsXcHRuw/siFHBzoy8Rx2Etd5JX7OT6IW4Fp49s1arC68bMurcPJQUm4kbJ7En0KtaRbDWkbB/SffVMuwMltLb107g7yB97kyyNzYcYjnhqU1IzTaRjAP3A7KMuDC14yMN8454wuw7cG0axs7xj4Tr1a8dw28J47Gy6UZ8u+5waBIdOog5bzOpZS2Brmk5xjnmCDr1EHHqgra7r8SS1wkbogERlIw7ZIZ2d5dG1tXxA+p4WS1u38ThtwyHDqEEt7ZaTu691yxwQIyzGvnv448U63fTPvHr59VaZMlU2+wXfSTZST4Jp7FTsrdQVgUt3VTNbqHv7IfbNLMZIHjfsGQ4lI/2LKbeIvXAslpG3MD3kkZnf2GOxc0jb61TC9dbsbh3zlULFYwRjicip1yL4NUcL37itaLUavhbIbrJzI2DZxzRCxUmMAyn30Vhui2Oyz54Jw0M0fiPVTdNmqYmS3RqAa1a/wASqln0eG7eavMoBAbB9C0SrbaiqGipmMQWjuUKq4lQmjgrjKaVRi5IV0YP4usF8CPxBzeZDY7wvNmtjivatN2clggTDgeOWHPBedfE+hCx/wAxgNx+Iwwk4keqeeiddrQXoXCpuN4Hdhj6IoxnjjaIjdcg+XdCrGYex2+OuEHZh5Iu9pDmE/hME7cc+cf1JmIiChN5u8gHdMj/AFK9bW/7qYyz9fNQNp4u68wZw6otUpXmOGGIvDmMeWPZGUCmDNGVYYWnIeUyY5E9FLSZLn0na5jePtGKqaNwMHVgRuPvuiL6V5kj66ZIna0ZE8hjyXJAb6Bxq3CBMh8sx/McgdhkCeZQ6zjxEap16iMifJWdOtLTfb9FSDH5XgSR1x5uVKzvvOLhnH3nsEc7Fb6DlhOr3OGJ3+5Vm2CWH3+47c1Qsbxn7GojV6cFdrHwnZB4eg6DpmryjJVdgW9vSS5JIi6ep2/SD3+EEhvn+yoNarBYkKax1Tp6z0eOJhYiFwUDHxLRnPvyV11E5qGyWeahnYexH3SFK6wls7iiFPFdbZwFOxiIfZ1jVIFwBdhcE4SnNcuNanhi47SamUnhJrU4ooSmVLRTDgQUHr2EPY6m4AwZ4jbuOXWNS0Jaqlpp5OGrPhv4Y8iU2C+R5XpbQ7qL70eGRBynZI2p9yWxtF3eCMAeeAna4LcfENlD6LwBiWkidRbj5hZR9nkNc0ZtExG6O0czuRFb+SpZ/qE64nngeROPNEWvho3SOYzHCMlTDNWZGI3tOYG/FWbWfCSM3BrhvczGebZ5wnlCUwVXbcqX/wALh3nGPesIkKl3xDXhO7C67hlPFUKgvtLRr8TOIGU8PRN0Zaw5ppu+pswNcax5+wmBp3TNnFwj8D8v0PGXeRwO5AtGHxuEYgR3/dGK1pgFhxaRhu2Hp2Qmy1Lrydow3Yn1Q+QPpF+yOj3w96wiU4ef74+ZQaw1Zjl6e9RRRrsPL9sPITuV57MdvAU8iTxKSuEHYf6vuup8E8j0khdaUnpkLzWeui4xoIUVkpxU/mHW79lDZ7RdcWnI4g9j6KZlUXwd/o5BDUugmaa4WJzaiRcmF0ZdShOJSC4OnWhSNCaEgUcA2SyuEqNz0wPRQrLLUyqyVxjlIM04jAtrpRI1HLcQMvexZKzU/Dd/K97eRgj/AErc6SYCLm3E7gNfX1WRcwtqvacC5ofuvMPiji0tKGEr5F+IFqv8WIxBM7d/X/u3J1of4YnEYg5Tv4jXzVy2Wa8XObmA0+YPdCgQWgZDLHVhhPvpiqI5VpSbWuvg4NdBH6XDV2hQ6SoOJvsweIn9WznHUJmkaZbMjDy1SdmQ6J9ltN8BjvrAgfqGw79h1+ff2Cyi+2Xxj4XDqDrHBMLpMjtqnPljKsWmyhxnWOv78EPfRumQQQDiMAe/ohnZ1PUTUA5hkCRrA1bY+yN0Kgc2QfOef4usbih1nbj9vfvYiFNgjziO8YDuOCtKwx29FI/T/SuJ17j1/wDquKpLD0WVIxV2FTgrzme0iC2Dwk6xiOKo2G3io28MxEjYZj1V61HwlZbRlMspVak/ViBuY+epg9FN+xqpKe/2jaULQrbaiA2OteAO0IjTeigsItentcqzHKZrk6EZMCuOcuNK44LgENWpCjpVMVBa34wlQKKOa60KUypXPABccABjyVek7BR2l95wZqHidwnAcz5JyV0pWkdRxOf1POWwbOncoT8QWUw2qwSWHEbW6+xKKUX3nF/JvqVI9syDrTJHmu35aZagA5z4OFxhHMvjy7rPW+zljzqBxHPGOh81oLLSuV6lPUQ00/8AKLxLY5noFX05Y5BbrAMHaNX+pvEhMuiyvGAK91zYPXWNx3ILXs0YRlkRmJ+/Qq3abSWuDtRwPH3PVND5EYSCQAcjrGOqW+8EfZdPEQf4gkePEZB48jt95pjWydo3SmWhwN4RmAdhkYThr280yyvjWiidPoI0afuMvfMjerYy9dXGTgOQ4plJs4+/fDkrN3X+3OTjzA4qkmeivHHo5JS/L3Hv90kwpvGBSymMC69YKPYRDafpPBBLNSBY6mcje7yfVGbSfCeCA2KrMnmlU6myfNeYi7odzg0NcIc3AjeEbpIRexDhz3hFLM+RISoeL8lpeYVZYqtNXGBOEkaEnBdAXSiADWz6lJZgmW7NSWVBew0+i7fDWlx1CVSeSBBMPf4nfpH7BSV6gLw38LPG/j+FvXHkFUDwSXvMDAu82sHYnkmPP/kX/wCUXqODQYicGjYFK1QWeXm+4QNQ3b9isOVUY2BrXYy8Oe3B7XSw8AMOBkqo4trs/K9sgjW0nZuw7o81kTz9Psg1usRa8vZg7WNThsKOBV70/wDR5xpuzOY9zHiJxB1OO0bJ80Ps1oJN0mJyOwjEcs1rvjG69rDEHxAjZ4Z8wsM4GdhGIOsEfvC70zbx15T2FzTv+IfUPqGvYSFV+Xdd3HBS/MMB7cDGXmOWXAg61N9YkN4gDXtAVOvYrT9Fywv95beZV8sj3HOc+fVZ5r3sMtIO44dQiNk0mSQCw4nUQB2xlMmiVS0XPl/p/oP3SUvyf0/0O+6Scn2bdq49dTSvPZ7Gg/S9oDKT3kxAjm4ho7kLPaHfJdujv/ZSfH1qusZSGb3Fx4MwA6u/pQ74Sf4nsOulfH8NRg8nnoqTP2My8lbSNRRdjCv0WEYt6IfRCv2Z8YKAjpy9QRs1YZHA7/uiFND2OBU9N0ZHkmTHnn/qLyG6S0iGAwnW63BjSSYWDt2kjWfcYfCD43amj1KbpLS02q7QQfpV73wxpd5DmUbp20MHjiQOvBV9F2NrQABh5795Vm02UHMDMETlLSD5hBL5IX/KysS6GVKxa0NiXvN4jecgf0tETvgK1ZbJk5+JGIGppOZ3uO3yVemxzcWsvOOJc9wEnPftyVhjKhzLBzLu0BMjFVNvS/f1KS9AVelZ3a3/AMoA85PdWWUgN+84qiJtjHBVrQ1XHhULXUDQScFRIlTMf8TiXNjVnwWBtIu1AYzxjjK22lXmo7AG6SBe1EbtutZ7S9hxaRkIHd39+aDWmzhvJSZZs9nwiNcj3zRey2doAge+X3VWws8I9/t5omxvT3twCqkDybGPs7XCCAe/ZvvWo2WVrDgIPJvYa+xV73rPlh9uBTHDVl0HK6MTw16k2A0pXNw/kf8AdJS/L3dnpLjjUgpwTAV1z7rS443QTxgTC889VvEecfFdU1rY5gyZdpj+HxPPIud0RD4bswbXFodIZDqbR+Zjhdc+NmJI2xOxR2HRjQ51WoZc4uJnAOLiS4gamk5HMjitHZrM64XPDWfMLKdJz2F0ve66LjAQSMZmI8MYAla8UzjMDbqsRddZixxaeR1HeFI1qforS1Oo91mcwsNPw0731ODRiDP4gMYyiYm6Sir9GbCFkc/onVOXlA+k0q0XQPFhvUo0e7aoKlhJwzPN32AS+LF8kAPiC1XhDYdOGYjgqeh9FAMhrcdWuXOyncJk8EQtWjwDvc4DlOOXNFrA0NkxlJRZWbycRLoaiAwj8rnM5NJA7K3aKfhgAThnxVTR0tY2c3Fzz/EZV6uy8wxmRhx1HqmRFkNJo2AHYRnwKma1w/ADwPpChZV1Ox3+qtMMKiFYmxraR38k75jRr7H7Lr3qB9VMibOV7RGTSeOA749kLtLQ7F+Owahy1q5VcqlVURKgTaKd5wOzJZjTNPxsbq8RG/xCfNa6u4LMfE5uspO13ndMPsihuKn5JHbPhHDf/dEGN9/3Q+zHL35IjT9/SE5qRJn7J7DD+8ZFNeI3dG9syN2YUnvWduoeXJNeIGzo0dc42HqiDSvdOw9/uurlwbv5Ce+tJcdpowm2z/hu5eYXUlgn8l/k9Pk/F/4IPhOztfUe57Q4tbInGDtjJD/iWob5qz/vG/NDXHEthjW+GcsHuy1wcwISS0cvpmXh/Iz7rQ5tChUEB4Y437rb00azKdM3onBpjfrlet0MhwCSSjHoT+X7Q9zV1qSSYyGdtg8TeKlpZlJJRZafRMfqCuH6DwSSTSKynZ83e9atNSSTL2VX/SdKgekkqIysq1Sqb0kk6I0B9IPN5gn8Xognxn/xKQ1AHzakkmn5G4vyX+ySyZDn6K9See2wbVxJOai6wTt6nf8AZQ1sGyMDdmdc5SkkicO+SN/U/dJJJcE//9k=', '2022-01-05', '3'),
 ('Chồng tương lai ơi, em chờ anh hơi lâu rồi đấy', 'data:image/jpeg,base64,/9j/4AAQSkZJRgABAQAAAQABAAD/2wCEAAoHCBQVFRgVFhUZGRgZGBoaGBoaGBoYGhgZGBgZGhoYGhwcIS4lHB4rIRgYJjgmKy8xNTU1GiQ7QDs0Py40NTEBDAwMEA8QHhISGjQhISE0NDQ0NDQ0NDE0NDQ0NDE0NDQ0NDQ0NDQ0NDQ0NDQ0NDQxNDQ0NDQ0NDQ0NDQ0NDQ0NP/AABEIAP4AxgMBIgACEQEDEQH/xAAbAAABBQEBAAAAAAAAAAAAAAAFAAECAwQGB//EAD4QAAEDAgIGBwUHAwUBAQAAAAEAAhEDIQQxBRJBUWFxIjKBkaGxwQZystHwEyNCUmLh8TOi0hQkgpLCQxX/xAAYAQADAQEAAAAAAAAAAAAAAAAAAQIDBP/EACARAQEBAQADAAIDAQAAAAAAAAABAhESITEiQQMTUWH/2gAMAwEAAhEDEQA/AChTFOUy5252qYUGqYRASSSSASSSSAZJJJMiK6lvVZ7jfJcsuqZ1We434U4nXwI0n12cihdM9J/vHy8EU0n12ciglUnXEEial75jVNjvWkS7PAj7tvb5lXqrBDoN7fMq2Ftn4y19JKE6dBEE4CZSCRnCcBIJwEDh2rnfaU/et9wfE9dI0LmvaT+qPcb5uSpwQ9lh0Xc06f2WHQdzTKTcqUykQmhczoO1SCZoToBJ0oShMEmKdJAMmTq2nQLgTGz69UwpXVN6rfcb8IXLvYRmuob1W+43yTyjXwI0l12cihjKYLnE7Hkjnl5EonpPrs5FDaPWd7xVpdbguo3t+Iq5U4MdBvb8RV0LWfGV+kkE8JwEwScJAJ0AgFIJk4SCbVzHtGfvv+DfVdQwLlfaI/fn3W+SVVBX2Y6jveSUvZkfdH3ikkblCEoUiormbnaFNRapIUSSSSYJRUkkJM1smESwLxOqBv8AkhpMCfrat2iKZifqAp1VyftHSlKDP8o43qt9xvkgek3k7LT38kcZ1W+43yV5ZbB9J9dnIoXRPSd7xRTSn9RvIoTQN3c/QLWIdngh0G9vxFXKvBjoN7fiKuhaT4zv0wCeEkkyJIJJwkDhSTAKQQpJoXI+0Tvv38m/CF14C4z2hP8AuH/8fgapp5H/AGZH3P8AyKSf2aP3I5n0SSOuLo41j+q4Hhke4q+VyNRrRmC07nCP2TUqjw6zjbK5FueZuuPOr+469Z58rsGFTQDR2PeXtYTrAk3tlsNkfCuXqDhIpkpTB2tlJ7SE7DdWuII4bR+X5o6XFTRI4yB3wi+EbA8UFmHRx/hHqTiQo/a+egzShMif4KOt6rfcb5INpSIFvrfKMjqt91vktcstfAbSn9RvIoVR6zveKJ6T/qN5FDKObuZWsZu1wfUHb8RV0qnBjoD/AJfEVdCufEX6ZOlCSYJOEoUgEuggpAKt72tznuJVbsawbfFo8ykGsLidPn/cP5t+Bq7VpXD6cdOIqe8PhCVVl03s4PuRzKSn7N/0GpI6VcZUw7TsXP6XwjWQ5oAM7LBdKShGm+qPeHnC5b8dOfrBo501Gc5/tdf1XQYipCC4Bv3jOAPwwieJelm+lanKvp4iRdTa9D2FaGOVSpsbWO9fJSbUMkjPbxUMOZy62xNVdFwIO363JWnmLMLUh5tujgjVMdFB9HgQTmQduz5yjLHWvu71MVoM0m8SNpvfhbYieOx9Oixrqjw0agiczbYBcoDpnSLWNcSAQMuJmwG7+V5/pXSVSs/Xe6TlwAGQA2ALf+PPay38d4NMUq9QBhNgcxE8tqrwzw6XAyCTBC4XRuIcx4eMxddJonEv1i4joOjXG6ba47c1rrPjOs8/l649OwfUb2/EVas+GqtDGy5oscyBtJ2qL9I0W51G9ku+GU5fSLPbUnCFv07RGRc7k3/IhZ6ntIwdWmTzcB5Ao6ODVd+q0kZj5oXU0i/YR3cuHFDsT7RPcC0MaAd8k+iHVMe87hPAevJVLJ9Ky34LYisXuGtcxytrfyqmQY+Q39qEOxTz+I9lvJVueTmSeZR5weFdE/Fzm4W/MTb/ALQgWLdL3GQb5jJUBK+9RrXV5zwWp6VhjWgO6Ig9IAG5vkUkJDeJTKe0/GNhKpq0mPEOHbN1a4rM98HtXO2jTSwrAQ4dYDV7JEG3KFXiaX8lTY+9rjyUq4BugwwFWUHgOE5bVCq0zOaiwpQ6KhoFweR+slXWf9fXaq8PUhRxLgMkU8iejzedwHl8kU1iBP1Cw6PHRAjj4q7E1I+rWSg04f2xxkvayAIBc6LSTMTxgeK5g70Q9oKpdXeSfxR3QPRVaLwpqE7m3PM5LqxfHPWdz5XieDa0NzuSO7NdToOtTY7Ve4AOGrf9VkFo4Mh0l080VpaPioxxfDHNBhuw5eYKjWpppnPjBSnV1gDusewfXck5yq0UNcVGj/51ajJ3gOME9i3s0e52QnlCMzUnGO7m6tYHPUHORinoZ7sm97h81c32df8ApHN0+hVe09jn5SXRVNAOY0uLmW5zcxuWR+ELZ4fpP6f8vBOZtK6kCYO5SDHbvBFThoMbPdH5iPIJ2Ut5Oza3bO4p+FLzgWKLtx8E4oP3d5Rb7ETkcv1ceW5O+kI6sH9hvKfhR5wKGFftgdspIxTpN3N8OHFJHh/0v7P+BBKz1Xxu7QrHOWeoRt8p8FyuiJU4F25FbS6R6LKbACY/dSY+8FKKQqZcFSwbVdiHQsn2iZtTHqvEPyKiHWVmGhxIiTG3ipEgpo6qSM7/AMLTiauqDJi3ooYKmGNgi6y6afq03OJNhJEbAZ9FUL7XnGk6us952lzj4n5op7MPEPG3onshc3ia+Z595/kologlrpFiAB4XW+p+PCzfydDi67WXcSOTSfSJRHBYqmWNeS4NY1znS0garTJgkXvKwMra1iLnuKx+0+JcKQpNAawMD3b3S8ANHAZ/ws8Tt413eZ7+xz2MeXUKrzm+rrnm6SV1uDdY32f+jzXFew1fWpPYATBabX2fyuxwphpPLzPErpl7K4NTmhfAmzuz1WoFY9HOlp5j1WsKKcV449A9nmFztdufbsH6P08F0GOPQPMeaBVAJ+t7ePBaY+M9fUHN6fZsn87uCdrI37M547wFN+rPYM/eck1g3D8OUbjwT6OKyBMRs3D9W5qeoOicvHhwUwBrd05fq4qNdgAO7sOcI6fFtJp89/Dgkmjl4eoSQOOccVQ+Um1xOqSJORBkH5Hh53UalSJJyC4K7Is1wAma+8ysLMVrGN3crmOSlVxsqPGZWGoVozPAee9Y7l0bynRGhmR8QtGCzPZ5rK0Rt/db9GsYTJN9w7rqLV5g/haMAcfBAfach7H0WOibOdmOIAn6ujWLq/Z0yQbmzTxO3mACe5c49qM0ePXIv9modOuXWabwIloJjtK2YXRzmZfNdDUZfu+EBRYxa3dv0pmZ+MuFw975osdGMeGl7daMrkdlk2HoyVrNfVOqlDtQdhdUfdgNEZCyvo4p4IdsNyO2HCOBBHYtmHaHBU6SoajHuG7WH/Zod2dX/sVV1xHj10Wi41SRkYMblhxeKqB1jAmLcPS4VHs9jJaeCbFOvzcfJq1xexhrPjrjYKjnNhxydfskLLUEX4+oG9aaWR971Koe08c+3rcitc30ys9qibn3Rv3u4qYdO7Zv3H9SiZ1jY5CLbb8FZB8thHmEyVOPSz3Xvx/V6pq7uibz37xxUz1sjs2GdvBRr9U2vIzHETaPRAOTfv37+DgkkXmezcd5/TwSTDjadSdemfwRqHOQbt7QR4BSJ1gDvE5xmgehapBcdazgABnLr+CMPdvXBa7ecStuBHf4q0NBvMLIH2yhS1ykONQFoWMtLTBN9+xaGyACVQ8XlHTT1rfV0V0MzVdrEZ5fW1CGG0bUa0JrNiSC3nMZ+CjTSfGnTdaXNYMmtntd+wHeghqdMDfK1YurrOc7eSRy2eELLhmg1WTsJ+FyD+RvNBxnonM7OKTcM7d4t+aIOVf2hCuMbulhsORmAO0HyUMXg3OfLXNiNs/JaG4myY1z9ALT1xn5a60YBmrYmeX7wiGkMLr0XgG+o4jK8CY7YCCnEFHNF4mQpsgmtOd0JW1XgfhdbvRJ9B8wXtsf29EHqtDHvDcmPcBya4gI1XIdDxk4A9uR+uKrGvFp/Lny5Wig+BDozmxHHfG9MRPKfzN3k+qxGOPePkmLufePktJ/Ixv8dbDScSTANgM27AR6qTaB2D4d0bFg1+fmn+0G89w/yVf2RN/jrSMPUk2twA8oTHDPyI/sBE/QCz/aN3nu/dP9qPz/ABeif9kT/XV3+mf+X+wJKAr/AK/j+SZH9g/rcVhy2waABtgRy5k/WQUq1UBAsOx7dUNc7VAbABJBECLCTlGaergXPGwmRmHN37hGz628v7dfPXWjBYrWlznbSAN8QjOGGsNY5RKyYLR7KbYzOfAHgtT3WSoWtcTYSqntMqTAGiZ+tygHGbpGuwz4tq+cdxzRGiQ1riM3W4QcyPrcsDGWC0tyU6XlXWK06LwzQHVHe6y03zJ4bB2lZnCStzqoLWtAgNy38e9OQav6bcwqnBTw92p3hUwrPCaOKm4JgwqiQjiiGjsQGSTJgTAzJ2Ac1mZRWjD0pvsGXE7+xMv2A0KxcC52biXHm4yfNG9GV9dhYc29JvEbR6rBpHCajpGTr9u1RwVfVLT+JpsVM+t77gwVAqVTpDXb1T/adyrDTvPcmgisukC4MlsgzmJnbuWsM4nvVdUQDCKIx4B7iyXzMm5FyLd6ulRDuiO3zTAquItWgpKLUkw4LRwpPaG1Hua5vRAksBaMjrCD4o7SwzGCAO8k+JKFu9n3k3e1rf0guJ7TEIuylqMa0EkAQJuVFqogae1QqgkcFfzUHuKhUZ6LyDfYpNq63NO2lrclZhKcngM/kkqTrThmQNynkpOKlTwz3dVpKX1d5mINVzFsoaGecyB4rTQwTWHPWO/Z2LSMre3qul0BBBJzgX/nsVb8U3cfAIjqDIhQqUAdvYekPFPxT5QKfiTsaBzuqXVn/mPZCKHCDc3sEeSrdhRub/cnMUeef8YKdR7nNZrugm8Zxty4I615aIBEcQQq8JhWlj462qdXVEXmc8zMQsLajxk4qvHifKX4IV3B7S1wB5OFuKB4jDlhW7/Uv4doUX1i4QWjyU3Ks64y4HHFjr3abOG8IyXAgOaZacj6HigNakrMDiiwkG7DmPUbip+eq0s7OwWKorm2ak+mLODyWnIye47iqq7IBue9Uhm1rDkpNcqXOv2KbXKkNDSkotKZAYXNUKjVr1IVFRRTjISpCnITQrm5KVM5pHIHNamMDGwP54pCBdZq1dRfda5njO1eyuzXDXHZJHAcdi11NOxZoAGyAgdLD9MnWJ8MwCidKk0AEAevenJb8LWp+xHReJfVcS6dUb5uTkEX1YVGCo6rANpEnmVYKhyhaZnGWr1Y1V1AmL0jVlXGakhRLVdCnTok7D3K4VrTgKG5DMdTDKj2jIOMcjceaO0GnVgHV3nb2BYNN4Q6oeGusIcZBEbz3qtT8U5vsJlNCr10tZYteJlqzVsPtHcr9ZTo0Xvs0duxK+zzbGPCYosJGbTZzTkVqxNAFpewkt53bwPzWDTeja9L7zWB3jZ+yzaM0iSNdpLTtB+rhT/ytfV9xax51iM7fstLCpDF0T12apP4mWk8RkpuY2xa4OadsQQdxGwq8/GWs07SknASTJCs5Zqi0uas1QXUURU1im0SU5EBMxwFtpv2KdXkaYz5VB/ScBszKk9gjJQovBc69wriJtvRJ6PdvWKkRLoMxb671toEENG8geKjiqUAX5eCrwJu3cHCTw1rpT1SvuddgYaASYGUk2TtYhOlK0v1djfMiT6DsRTR1bWY0nZY8x9BXnXdcTrNmerfsTv8EhQdvC2MhTv+UnuW8ywtYxhz+dTbhRtdK0mRmAOay1tI0WdarTbwkT3J+oPd+NNPDsGyVOthWvY5uUtI7xGSHN0vTPV13cmavxQrWaYpgw7WZxcLdpaSB2wqmslc6/xzlbBPaS0wSOPzVLqbx+E90+SOaSZ94TvAPhHog2m65ZTEGNZwbO4Q5x5WbHaufU5a2z7aNG4I1DcgAZ3E92wcV0jabKbeS8yDCIc2xFwW2I5EXCP4fTL6tPUdd4ta2tuPM7eRUzStZqencYX9AbbAecoO+i1jQBzJ3lF/9IGjpXcczPgEDxNXpuZ+WI4g3+Y7Er8PK19KWiQCHRtg8I2zyT4BzmO1RLxtb+If5RvF+Cs+zD2apANrTsMLK3AvYQGk6xM/pG/NHGk1L2UbB3JJwd5niUlowQqGFS1qsdcp3CAlwM9UrHVFw7aGkeRWqsVmc3WBAMWzWep1p/HrxqjRp133zGRGTmHYeR80dp04WLB0wHkgZ5/wiTXIyN6mr2AOPxDnGS6Gg5CBAmJ47FNlAh7GtPWeB3m/qpaSwohxBgONxG9Z9FVXMe1/W+zcQGuOYLYmY3E9ynntUvr0N49/3j+Do8AfVadGaQbTa4OBN5AG0xB5ZBBKeKc+o8u/E4kdmzujuWpK2511ck1ngk/TVVxhpDBuaAT2k/JKo19UR9tUad7XuHgELBuiOBqXV53b9paxJ8jisThaoxLqb3vfkRrOc4QbWk8CuiwGEazZfep+0FECtTfvDmf+h5HvVjHQjV9nPcEaAVWMemo1lRjH3T76LnsVwLJY3lA4AEwFZisCKjCx3MHaCMiFDAuIY0cPO62CotpPTkuvycTjsI+i8tN7SCBNjlyRD2bwUB9QnM6oG6LyeN1fpnpVD7o8lPRbw2kZNtYnwCyzJ5WNdW+MVaUxGoMiSTAA2yhQojNwBcbkra5hqOLzl+EcN/NZcQ/V9FOr2nmcWYcQFpY5UMFhyVjVc9RF91eCkoAp1SU2BVvcpVHQIWeo6AgM9d+xQYVW90lKDCzrSNmEfLyNwRCbIJSrBjpORtxRJuLYR1x2mPNHRyqsaeiezzQ3DGC/n6LfVqsd0Q4E8DOSC1nu1ixubt1zYeHNTfqp8Z6OPcHug/iJHKV01J4cARkRK5puh3TOuBls/e6PYBmo3VmYRqeuqxeXi96vw74VL0qToKzzfbezsX6fvSDtrHNPZInwJVDXWVukjLC3YWkd4WPBP1mNPAeS00nPxc18JVasqusVgc835JZp6jtsO4QIKk964fAvqaw13vgXgPc2fFG//wBENuC6NocZPZOR8Fv/AGRxX+OrMc7pu5DyWag0uAb+GSTxOwclKq8PJcDIt5KeFHRPNY9/KtOfjGiq8ALnMVULn8B6otiqmxBavXd2eQQILMy7FJqi1SatYzq0JJBJMlL68n5Kis8m30FZXeGWAudqvp4O0zJ2zl2KVMTKSy18Xcspt137YyHMqvE131HinOo0uDejcmd5tbgPFH6GDp0mBrW2NjvMb1P1XxxIdVe8EBz3DYBYDaANnMo6zR1VwyA3y7LnHoigphpgC3iTtJ4lX4mpDYHADtRz/T8v8BWYAsMlwNosLZ7/ANlZgqbTr7LjK1rrdXp6rLmSg3+q1DUESZHLapvJTltjadUNubb1lZj5e0NHRkA8jb91HDtD26x7tncr6JEtAGZ8hOzkpulZnsQdkqwbKx2SzvKh0Q+Iqy0hUaHdLByVGLqQ1x3A+Sv0Q2GDkr/SV2JcsdMEugfULTiSqMIOlyB9ET6Wr6q19F8zE2i1jH0VViBIi7ezyW37QrHVYdYvOVjAJvvkZKtT9sM1dTYWgAEgbdvaiDSA2xkb1jpOJF96zV8QWgAbTPgJ81EqrGp7SShjz03cx5BbhVMA70NNSaruY9FpfiIMgqbSn+zBuLJiIVoTBSUAUk+h/9k=', '2022-01-05', '3'),
 ('Trời đổ mưa rồi sao anh chưa đổ em?', 'data:image/jpeg,base64,/9j/4AAQSkZJRgABAQAAAQABAAD/2wCEAAoHCBYVFRgWFhYYGRgZHCEZHBwcHBocHhwYHBocHBwaHBweIS4lHB4rIRocJjgmKy8xNTU1GiU7QDs0Py40NTEBDAwMEA8QHhISHjQrJCE0NDQ0NDQ0NDQ0NDQ0NDQ0NDQ0NDQ0NDQ0NDQ0NDQ0NDQ0NDQ0NDQ0NDQ0NDQxNDQ0NP/AABEIAQMAwgMBIgACEQEDEQH/xAAbAAACAgMBAAAAAAAAAAAAAAAEBQMGAAECB//EAD4QAAECAwUECQMCBQQDAQEAAAECEQADIQQSMUFRBWFxgQYiMpGhscHR8BNC4RRSI2JygvFTkqKyFcLSJAf/xAAYAQADAQEAAAAAAAAAAAAAAAABAgMABP/EACMRAQEAAgMAAgIDAQEAAAAAAAABAhESITEDQTJRE2FxQgT/2gAMAwEAAhEDEQA/ANWC1A4m6r5h7RZtn7dWlgo3hv04+8UpchSCXoQfhgyzWtqK5H3942OSuWO3ptmtaVjqniMxFe6UTHUBoPOEknaBRXLWsQm1FaX3xsspJ02GF3sDODvClct14lt0NVqrC+0qudfIYxLa5/K2ysICE3gkBrqE3BzZnO+B1Wpavt71CIdkS1zwTLlzFAFnCWD6OTD2T0fnHGWR/UtHkIpJlU+WGNIFzF6J5l44C5mqPGH1v2MuWASEV/mUcOUSbP2GqYlSitKQGDgO5JydqAZwvC26N/LjJtXr8z9ye6GPRi0//oCc1XwRoQDlo6R3iHUzowTRM3F26rdQDtdrWnN4X7B2KlE5S1KUSgtgB1nOOOQSf7o1w49kufLqLctm4iEO1LS5uAuB2j6Q02jaglFMTgN/tCGVLvqrUYnfnC39hGSJYYrX2QKcIXWiYVKJVjp+0ZD338BB06cFmh6qe4n928DLv0gaXZytRAoNYnkpi3YpBUXyEOEJagjUmWAAkQHtO2MFIlqF8UUoFymmFM/J4U1pL0p27dSuRJUyuytYLEE4oScjqrLAZtXdl2Woc8fYQdadkq7TVwO8cu+D9lSkMwcEaivP5lD+E2lTZjiK0w9ubV/EEIAUGVTMF6g8fXOCUSrunLfEE5OYbCo3e0EtRsQbpcEVDPXGo36hoMs0pRqA50+3V86bsRHNmkBYrUJIzqCageDgw2lBsMIXLLTSbQfpF6EbtP8AnGQe8ZC8h1VPWv8AiF8bzciT3xr6SVEhGIqU58U68IhnKC5pY/di+WMb2Yh7QM2JP/E+pEUlPYkSklJQCz4HSMss5xdOIhjMRfUthdUk45HOuh3wpnj6anbdjGyuxx0ltCcYgtUp0KO4HyjoTbzDfBM9H8Ne5Cm7oEo5QqkrUguhXcSPKGMjbEwfescCT5F4gk2azLUgJUpJVRRWi7dpjeQqtd0NpvRPq30TQoD9i3xLYEeEdOO55UcrjfYDtVvXOYG0YYAqUkiCLHbLShCkBd5KtSFdz4Rq2dH1y0i+MaAkUJ5E1haqyKT2VAHcpvAwlzylGY42dLMjpPOS5WhJdhg1BlTn3wTsnbkuZMIWm5fWVvgA4z5gVioqVNR2iw36cQWidFQlIPWUXOFAPf0g8rfYW4Y4zpY7baRMX1OzgOAz5xDb54SDLTiQyuB+3mD4745vJkocsVHAfMhCu8VKo5UTxJMSyy3TY4jbIkq6ohnKQEhk4xFY7PcTd+41UfQboH23tESEXUEfUNP6Qc/6jgBveJ27PJpHtnbP0XQguvAnG6SMBQ9fDh5K9m2X6YvrJvKxDvm7b1fnfGrJZrv8Wd2shjd3b1eXeY6nLKy6sMmBLD148N0YTyzXJiH5H+U+3zWFNqspQvQ5HyO8fiNSFlCrySx4UUNDDuUpFoRp5pOnD5rDS7Ts0VWa1XqEdYY58xqDG5s27hU7mPMb4Dt0haFEYKGB1HqIyVa0BLqcHFScQTqHwB74IHVjSyVVdyDTDPDfWu+D5ZhfZlEh3xHdnBktUSz+j4iYyOXjIQym/TU4CggEZhRBfnE9gkXF30kKOYJGZBdxSCFygpSgsggnqkdpD5Efcnx0jVnsykKcEM7PqHrF9wnYmwTgm+FliVHeK5OIB29ZQohSb2LlqUCTUg8IPRLQUgMb1MGq5z/MB26zlBISSNxw7suUa3ocfSmSoXhiOOohwmWVIUAQCUkAnByM4SqSQtN6gGerhoe2aWlaClRYFJBIq2/fC3o9uyM/UlUmIp+5ryfJ084YWafJXmqWdUqdPccInVZ7RIDj+LLyzYa6jy3iF9rXZlJUtSShQDumhJ00L8Dxh5l+gv8AZnti1zkISo2kFCTR8T4F4qO0Ols5aVISQApnISLxYuGOXAQrttqUtn5DQe5iFCLqb5/t46xWfupZSeRk62LA6yiScnw4tEUq1kG8rDiXiMIKi5xMYLKpfZFBDW/smv0seytuhVFKL4B3LVw+b4veyLMEpvuCpWBFWGg36x47JsSgtjSLZsTbsyQ4PWajKqDvPvjRollj+lMcvqrttbaQs6MQVqqkftH7m8hmYU7OsJrPmu5N5KTi5q5H7z83c7HsRmH9TPVfJqkYtXE76UGTdzGYoqLnDIDAD33xLw6MpCzWhGH8vHUb/g5Wm7Qj5qBEpS2GOojQWCGUKjw3ilRuyjACmJbenJnPMbt35iGRPWlbocNmR1VD9rDzg39MVlvt3Z7xpxhrZrCiWCpTDQAZ8Mzvgtt2uWJyBfBSftJ+06FsRFfnSChRdIvJOBAL+4h99VRL0CdNP6vfKJbVZUzUgKoodlWY3E6QSBbPPStAIYKwPzP0gqUqE8lCkLuKofOGcpUTzPiNeMjiMhdGKp1kK0vd61RQiqcs3ve0B2GSUJIUsr6/UJdwhuydTQ1hkhGlDqFN4NHEySplKdJY9YMxG/eN8U2DiWhV2+GOrUI0cQPal3vzSJJc4BjUM1GxZmiO0l6wMqOPpNPxx3NkcfjwbZZK2N2obrId6biDj8rEE1KVGtKYjfqIYbEV1gheCqJWKgnJ9MoMvQ5TdSbO2mZZZTlPzPXfnFT6V7STPnG4AEJoGYXjmo8/CHfSG1fTQtCkAqJKULBZlOyhvDVG+Kt9Bkga/PxD4yb2TK3wChF4tmT3COrR113R2UD584QWE3QVZqoODVPzWOLNJuovHOvEv8MV2WubNZCtV0YnHdrzi9bH2AhCB1a5wD0W2b95FTF4kyQBCW7bxXLb0elrHZY6iKbtnZq5Cg9UmgPzAx6stEKNq2BMxBSoOCIEtgKf0Y2qyxKUrqqqk6H00i3KT/jCPMrTJMqapD1SXHzeIvFg2iFoSTiac4XKfY40VNUBX5+I4k2YzCKDdrz3RLZ7IqYXwGftvhuhISLqMqPv9YEg2uJaBLFBeWzfPlY6TKvm8e15Ddu+ZxKmWM8fAxpa2xpXHT54wxUKxdw5jXg8DKtQSHGGYZ29xHdptIwOOO479x3QhtVqVeo7k9/DfAGHq7QiagqpfRXexpzFYgRakpZq6kZDXwMK7Ds1alXiojdxDY+ghqjZ9Q7Hnk+kJlLTTUFfqDu7vzGRn6b+U94jIXjk3KFMyajFF58S4avIuYhRbBeuhYcghnqQ3jhAEybmlQfRTj/kPaNWNcwqF5ASK1CwftOAAhj2QYq0m8QEqIHBm4lhBC009O6FhWoLVVLOczro0GLmPTd6QKaQNMluSxB1GcE7BQgrKFm61QSq7RvdoEY3irLIj5SNLVeKQU3i7pIooHcY0CoekUy9MTLe8lJUp9SWqTngnvMLEAE7nbucedeUSrWVLWrQfPIRzZ0sQPlBX074tJqJX1wuXeU3LvqT3ekdiQ5SnwjtCs+JHMt5DxjUu1MsMkqYhIA1A/zBKvexLPdSBDyKtYLXPCewAIa2a0LJ6zQB9MFrhbbbYhI6ygOcd25RZgWhCtchC7t0zJhpdFa3bzEmjsHaDCqv0xSi+icguD1Vf1JqH4h+6GvQ1CVEhWD08W72Md7ZuWmzTQhBSuX1rpSygUYht4cQH0JU5b+X/qxHlAvjT16F9NxdFBu9Yiu3dPnGJvqhgRgfWAbZagA8KKVdoHvC21W7U739D+YXTZ61lkd/m++DbLszNZ79feMOgSJa5hbBOvtqOMM7NYUoZ8TmavBspA+0c9PzG1Sg7EuTwr80jaa1ovgAw+Z/OcdpSz5bg3fxjqQhSjdZxrpxOlYYyNmhxe62gwHPMiDIW5FfW/cj5yjIst1GiP8Aan2jUNw/snJ49MsSvsmKG5SQr2PiYk2dKmJWLyklLKdgR9p3wns+1loorrDQ0PfD3Z9vlrcpPWCS45NzhLOnSHnpKioOlKgSxBNQ+Cg1DvEHJSUpD1YAeAgO0lSSStHVeihUVw3iIZVqVUgnH2idgyjJK6vrBE1QuO1asRqxgZEwEVDbx7Ru3TAmURqadxg4+jl4As5os728A8ZeYE5sQOZAHpEdiPUJ3qPi3pG5qwORiyNbWtuXkIE2dbzLdbXiSWGpJpHNrmdU6nyz8IZ7Ds4K0AimHgY1aDrBbrUuahCgpKVFJKkgXAggXnUQesC4amG8NcrAhRHWyz13tlGWDZ6AAwhkEhIpAa9B7TJcCECdgITN+skELqXel4ggqbUuYspqIhQcowQsTZAkHN8d74xR+jZ+lPKB9i1o5B0+kehWiPOtli/al75q+6+oe3fA+hs7i3TrccEVVmPUe8S2bZy19ZZbdDWy2JKMA5c14ExOpGuOXxoQbQsuypRQCMKGxr8+Ug9FkWsOAw357t8GSLGhAc9bjkdwNO/SHmOyXIskWVaqhJ4nA50OeEH2fZwZ19YgvdxEGmZjuGJblV4xCMyc94y3w3HRLlWghOGWLCIymjhRA4Oz8a6Zx2UAk3QcMWprwiRdBUd9YUgVuPjGoIuH4PzGowvGp0tSdfI9xgC0TWD1BfMZR6ApZWi7Ms97iKPnvGcItobMuhSpKVBTdhVRiMFa0zfjCSuqq6bYlogNqchtY0pRUbqwzU4HPKhjhdmUkjTI/M4dpYsc1YNxQ+5Ln+rAwHtaZ1UJ1L8o7XNACEqopIqOLZwHb1PNSnRPs8LjOxt6SWNDISOHiX94Btc+vfDKT2SdPQfmEcshSyTgDDk2IQkqIeLBsVbLT8x/BhRJS1TkD+fm+NbP2gBPZ/lPaDZ0GN1XrFiX1RBMwEikKNmT3SIKtFqWmqUXtagQp73WiqaHolsmfxOcakuKqLk+G6E9o2taCSyEAf1fiObF9RanWskYsHA78TG3D5fFcceV0a2qaACTgKngKxRug0ornhRxxP8AUoKWf+rQ66VbQCJKkvVYKBwbreFP7hDD/wDnWz7kpMwiqypWvVZSE8MFH+6NldYufLLS2IspIwu+b8PmMTKkISKuC/aNWyyNIlUoVct54QMbUhZUkFKhvJYauOWO+JS2pXO1JaCsVSQ4ycd7ZvEdxaqVc1CvTTwjuyoQDdJIUKkE0UDmKVEGTFMGSPCL/WwDyLIRVRqzUJaCVJSNOL1jFrCQ5OEBT7a2KFHQCuJYGmGIg2xk4tDYV4+4EYu0OQwO9qjuEDyJSw5JFWp+3dvGMdzVDVn0fxyaJ5XJnf6xGh8faMjGTr4iMgbv6ZVE7bGaF4uMOeGsFp2uirhVD+0+0L5e02HWRhjux76N3xNL2ghTfw0ucnBx5PRxGW54gOkOzLPakXkkInAMCQwW2Sw1dxxG/CKRZlqQsS5gaoHW40/Bj04LlKBACASkqS4IcC8DdLVqBxiqbRkJVVSQSDSBctKY6ynRIQlc0nJ37oFVVcxe66OJx9ucMpFkIClnAuBqXOO6Fyx2hqQO8knuoOUPiOQiV2FncfICEg6rNxPEmHCC0tXzfCJaqndDQlFTbQyeX574QqnKBChQu8MbS56vMwKuQ/H5+YeJ3teOinSRKgEKN1Y1z4GL3InBQjw2xKKFpUO7IjSPTtlKUUJWhRAIwxETy6qmPcWSZYkKqYGtQQhNKAQOLUsYgRDOSpdVd0Lsbu+qDMtcy3Wm6kMHugH7UAh30JID8Wj1/YKBJkIGHVxyutThQd7xRP8AwQvlaCUKJLlJZ6+cPdmLWVBCy4SMSSXNcsM35wbJl0llhaejapB6rF8QQ9eML5qheKk9V3NMsMIImSaUiMS6w2OEgcIks9tWnFTsNBjDay25RqS4SK4PyGOsJ7kc4cYa4txNbdtFL9W6TmCxbi+B+cFcuaZi2Juh61IJGYfIQp/VdZKDUgkEAfck+VR4aQbYUhZSb39rYhg5fI8oS9TotxW1KUAJAJYszMwAybAxk5DV6oIqCXywLZ8IX29RSlASDfpvcGgbvy04R2iWsG7UbyNdQXoGOUbWq2hH6pOp7o1HKdm0HX8T7xkPr+g2otplIShK0Y31BgwdikspGLAHtAlycolsyA3YUp/By15sgeOJhB0d2BaETCFTAq8kqKVXixVUqd8Xo+bxaZFkVLJSshFHfFxqltwZtxERs/Q3G4+mEtCEoUSDV0h3cKADiuGDd7RWrXD61Wh2Z7pSbpckFgDVz2usaZczFftKonl6v8PlLAtTF2upBI5Cr98LUChJ3nuH5MH2k9obm76+kCHsjfXvL+oi2Phsq0tLSwNfSExSym/uPdh6Q4tJoBp6wvUnrc28APMmHhKjXI7WrP4wvQaw3mrBJ4HyJEI5K+se/u+GGidEJR149D6KA3LpwGHn7x57ZzeWlsT5x6r0esjIS2jnm0LnNqY9GSZDxyuTDFKCMo0qU+MT0NyLEWcnAQSLMECmOMGhLYRyUQ2g21dcQORiN3rBSDSB5nabcfMQ5USjHBV85xtcRq84Zi+1Mhd8pSq8GF56FTIJABD4A8SY62VtFKEoWpJupYFsQVAlqvm3pHW0kgoL4OPEgPyLHlAUyV1FJSp3AIaocKS55Anxid9L96WaXapa1JWpaesAtXW7IF5kAYjEYb90GTOkEu7hQ0Dm650Gb4RT7NMlykfxA7uXZ3SKVyGOHGNy9tyQQEINReDJQihGoJ3ZQtyv0bjtax0kR/pzP9v4jcVv/wAwr/SX/uH/AMRkblkPDEVImhJvlyskv1WwIYAM2tTEu15wXLQbigylA7nTRyINkbHCMV3g/wBwAPh5xH0nkrVKSJaL6gqqcGSx6wGZdg38xgay0GVxvisyli+AP2l+LE00ygaeY1ZZc36hXMlqRQ0KSMaYmIrfMZClAig8cvGJ2d6Wx1MSmZNcrI1LckgDvp3x2tHZG4eH4gVCeq2pHoSPACC14E8hz/Ai3hL2EnKz+fKiFswsR8rnB61veOSfUsIBWjrDcH+eMPC1wqb1jy/6keohNLWyn+NhDCepgo8T30EK0Q0Jks/RGyX5qdxT3Xw/zfHrOyJV1wMAWbdiPAgco8z6CK61NSe5LeZEeq2FIx1A7hSEvqn0OuxwpMbW7G7i1N5gWw37pEwuXxYA4ZtTHSDJ1sm+0qhHMSKEcGBYyIUeIZ3aB1ceDxNMAxgeacNx86Q0FDMxG/8AERqxjuaY5AgsitMq8lSdRTjiD3tCawTLyAkO60LbcWSe9xDwmsJzLuLBoACtIocyDllVPfC5QA22ZtyQhgCSh6jAdV2L/HhPJW8yXvSf+hPpFht9lSsIcEoSLt0lTKDAsq7XLXOIzIlhrspCSMCBMcUbFSiIQ+2SulISkJMgEpAD3El2DO+cZAn/AIYGt9Fa4q/+IyG5JvTSY5JEYZkYTBZGoDKKb05mhkS9XUrgKDxU/wDbFwnKABMeZ9J7QVrf9/Z3IGB5upX9w3wBxKUg9XUkq4DTxA5RNNUyCr9rnmaCOLP1lk5AeX5fuhsixE2Yqaqh4uD3MXgU8VoA3Ff1AHk584xSXUre47o0D1CNVP4j3iZCWD6gn0hoBNtCiW1b54GFghttUYa3j4U9YXKRDROrF0MtF2anj4Fgf/WPXbGtwCI8Q2EsomoI/cPMEeIEe1WPAEQmXqn0aIXHajAiVRPfpBgNLVETxtUcxgamBwYDmKLF8Qa8qg91ecMSKVoPlBANpS75Ub29YbjqBMt0LaVUHEDPNQHzhGIXn81iG+6QeZ4g/iJE4f5jHYTCy3IIW7qAPWoCXYJfgzP/AIhmoUg2wWYLcnEerwtmyZFKZSloVdShZcllBJB/ckYspqXd0QyJCUkL/TISsVvCWHfDEVdi0W2XYglmSAzdl8Q7Fq6wUFn7g+4ged2BxCZKj+ilmps8sk1JuYnPOMi3/UR/pjw9o3G4NyRlowqEdqSHgW2LupJDPgneolkg7nIgsXbRnJXeCi0uWHWf3FnuD14tHnG1Z5VMWtVFEAgaXnujuAi92ySFXJALpHXmk51cA71Kqd0eebSX9SctsCs8GFCfTnA+1IM2PZr4ShP3nuQn3JMWPapShCk4BIryDU44Rz0asDIMxQIBDDDs5Ddrzgv9L9dYAH8NCnJ/esYJH8qTjvYZGMd5xaZS0FlhiReHP8+USIWLg4kcr35iydNrEVzbyR1ZSEhXFRIPDAHnFVsx/hA5gqfvT+YaEpfb1OtuJ7/8REqX2eH/ALGJJ6euYlVLYj+h+Zq0EqCzpZiMR55R7R0aWZkhC/3JB7wD6x5BJRUcR5tHrHQdZFmQnAAUxwupIDcFCNJutb0eTENGINILuOHgWWg3magPzyg3D9FmX7SIRrlG1SwKluHwwQJd0O1QHgaYHx4w3HQctoZsx8DgRhAs4PQ4EMWLHIUzFInnSw4ah/xEa08NS0ZikpKSpJxq/wDVrz7Tb47k4J4e5jc84Fsy5HD53RqT87oSqTxKRDXYAdZGo8iIVH54xPYbQULChkcN2DHxjBfFu+gnSN/RTpEUm0FYCgKEP8rG5i1DI8sPEwek0n6ZOkZEP6g/G94yBuMDmhnJIAFScAAMSTCXaNuHYQQpbggcCC50FIVdLtr3OqFkhJ6wcBz1To9HHHDGkA2S3y5RIWUm8gTPqJKlEuSGJfqkEEUeJ2qSN7ZtpkyriFXps0s+ZKqKUdABQDKm+EdisIXOTKQXA6pIzY9ZTbz4AaRztCapazMU98i8zvcT9oJzOfdvY3oiFlayjtlN0KZ7oJqrwYb23wTxbZku+RIR1UIYLUMT/IDrWrYcYaIs4QkBKQwDAYYCnCJLDZUoQEjLv3vqcfHfEqoMgWkkzZ4KFpXUrcnfRvJu6PK50koM1BxQpXljzcHnHsU8+/zu8Y886W2YInqUAwmI8Ulu9iO6DoFMIdRI3wdaQCstgyQOX+IGldh/mccrnV3sBz+GGBMlLV0D8wCfSPWdgSriGwoABX7UITTTsx5fs+UVqlpAcqU5zo9fB49S2Yp0uRUl+9hhWNAyOUWrqmjV8YjFvuqYvXE6QOltzuW/lq4AEcrQK1BycGr5bobdLxmzi/eG6BJig7P8eBZU0gB3BDB3NRv3R2piQc/fHhjB3sNabUuuIblAlqnVDMXDNzpxiZc0CpUBdxDwvVaUlV5QZ+qgPVSq4Z0GeQgUY5tixgMvMt6EGMQ3wQFa1m+E4klywyGPif8AjBKUfPUd0LfVJNRIV8/L5SC9lXTMQF1BOGWFH1gMj4z/AJaOpUslQbEkMRqcIAVclzdzjgY4VaFaUHGvON/TIyrw82iC+tGAA7vWpjES/XHy97xkRfrVaJ7oyMDx3acwlVynVXfvuCSWINGZ3c4576RXmAYOcgczi511hdZFup1FzSnzlByhmcTQbmiakyjCXTcBx6yzww5VYRcOgSATOU1AUJH9IC7uHKK9ZtnH6QWqjl65jI73o26Ln0NkoTZ7yaqWpRVuYlKRyA8YOPdNvpZXGR+fDHCzGlI+c4iVz+fGhyhrTr8+Uih9MpjLQDiCociAfNJi8Wh2x+fGig9N0m6hWYX/ANgfxDa6DfamqUyKHd6QGmY6m3/PGOlrLKGh8iI3YpJUsACrsOJMK32u/RKwKUr6gZgLiX4VpnjqMIvkqWBQEBTZeIH5hLsazhCEpSogigNADnnnDyWSzJxLsd766xSY9FuXaRMo3SCQ3APXKuUchaLxBIISX7PaLYvmXeJL74VBwG7BmiNdSM8n3RtNK5QC6SSkYlhoQGG+NLW2ojai1WwrHSmyYh/UQZARrWaucn5f4hMtVwrnrcrV1EJ0qWAGpbu4mHE9aWL0+eMKzLvqCjlgNHxPNoXLo2PYeyyFKN5eJrw0/wAwzShoxCGjsxI9qNWnx8vGIVzShQUnIhxufHj5xucuOdloTMITUh1PdxxJI+ZQ8Jat0mcsoQoMyhgMd7Z4xtVqOFTxr/iBpS7oCUKAGDFgaZRKi0KFCfI+cAG/7fBUZHX1h8TGRgeDSkAY5th3vD+w7OKglay0vHDEJO/XyiHZOzry+skkIxSda4jR+WAzhtaZjkJDXahtcQos+7xhBx/tztC0GYaDqejJbgcRzh50WtLX0ZAhQ4mh8h3wklIZ6UwHPPwH+4Q02SbqjvEHH8pD/wDNW+/SOVzBAkuZTd+MYxayQYtxLtFaV8s/nfFP6ZC/Z1vikhQOrEEjdR4tc8Hlxpj7Qk2vYytC0Ag3kkMTWo1OEHQbeWWcOpWhHsYt3RnYpvpXQMKOH6zMaQhslgWhZlzEFKwk0LYsWIyIwPKPUdkoAQkjNIPNq/N8N8Xx8i558RtlkqAFXOuGcFFBOdDRmB3YxylGhI5xpUlWSvMZvFcsbEsc5akEsANr5+cc/RIwNNG9cYh+iRkYjUts4jbr2K/5Uy5Sq1LGjN8MB2hbdUE7h8yiGZalrVdScMTEkqUE6neawLlIaY1EiUpRvLJOgyHuYKCWjTxytbRO230fPHZU0Czp7RBabU0VXbO3mJQiqvAcd+6AM7MdtbcTLDDrKOAGmp0iPo70kly1MtBq7ksWJOOFYqKFEklRJUczBSEiBy0PF7Vs7acpYBRdIOhbwzhneQoMFADRvQx4fZLWtBdKiItGzelawwXXj7wS3Gx6R+hT+7y94yKqOlaNVd4jIxSyRbJc4dRT0xNDUfMKUhVbpP065Yg0H9u4l4h6OLH00l+uHQRVjcLpD1FcNz74ZLli7cUbyTQHApJDhwc8a5wLOzS9Fuy514LJW4vFkt2a+reENbOOsCDAGx5TKmJVkQk78a84jSSPqpB6oNNwOMDGcsv8NvWKzS7WFZ0y34Mr2ghM96n09aNCGxzXYfG1MMUTLxfLADIvjyjq60mLU508S3fj+YDmS1gdUgkFwVh6u+TQWhVI2oPE7aMVDpCgpMuYUlkEhWdFM/LGn8xMW2wqTcTdYpYM2mURTZQNCHByMcWZAQLqQydNIr8PySXV+yfJhudGyTHYXAUu0CJTMEdWtubWkq1wFabURQYxFPtTlk98RBMQ+T5JOp6rhhvuty4JEQJU0Zfjnk26Lekq1MIU2q2gFhUwetT05n2hRbZYEwMAAUEf7VA+N6G/j3NlmU3pExUamF20Oh60oEyT10EAlI7adQB94B0ruzhuhLEb4s+w5hMsAN1SR6+sC4y9Dcrj28fKMjSOklo9X27sCRaAVLZC8li6CT/Mn7x47xHmu1dlLs6yCykvRaapPsdx8YjljYfHKZIUqiUGA0qiVL5QDib51jI1+mmf6a/9qoyMXoR0R7E7cXG7D2h/s3rJc1JTV82lIV5knnGRkG+JQfcAMxg1B/1MVZSyJhD4iu9m9z3xkZA+P8lMvxN9n4L3Cm6Gdkw5jyMbjI6b4SDERKIyMiYuVREqNRkK0aziK3TCEli0ZGR2f+f8Ufk/KObPgInjIyOWrNKjRjIyHhKgXnxgS3jsc/Ie0ZGRefgSfk0ME8faCpc9SUkJUQ5jUZHJmukNfGOxLBoQ4IYg4GMjIlAQ7N6P2ZRcywWV+5TY6O0PJVmRLvBCUpDv1QBWlaRkZFcS5Jo3GRkVTf/Z', '2022-01-05', '3'),
 ('Dạo này anh có thấy mỏi chân? Sao cứ đi trong tim em mãi.', 'https://encrypted-tbn0.gstatic.com/images?q=tbn:ANd9GcScS1V1A4PF1j31EMsolS6jtP5CCff7shz2Fw&usqp=CAU', '2022-01-05', '4'),
 ('Anh ơi, có nóng không? Tim em đang cháy nè.', 'https://encrypted-tbn0.gstatic.com/images?q=tbn:ANd9GcR4VqDcXICYxRNiV1d7hrZUYYlpEEuUpv7NOg&usqp=CAU', '2022-01-05', '4'),
 ('Anh gì ơi ! Anh đánh rơi người yêu này.', 'https://encrypted-tbn0.gstatic.com/images?q=tbn:ANd9GcR54QJnnHuA_030uSg8CnTkWxM1uGQWV2Ck6A&usqp=CAU', '2022-01-05', '4'),
 ('Sao anh cười mãi thế. Da em đen mất rồi.', 'https://encrypted-tbn0.gstatic.com/images?q=tbn:ANd9GcTOIBgFkQRVJV0vXt_002yqgWCtJuWIyGokwQ&usqp=CAU', '2022-01-05', '5');


-- report_details --
INSERT INTO dating_c04.report_details (id_report, id_post, id_reporter, status, time_report) 
VALUES  ('1', '3', '7', '8', '2022-12-22'),
  ('1', '3', '5', '8', '2022-12-22'),
  ('1', '3', '12', '8', '2022-12-22'),
  ('1', '3', '6', '9', '2022-12-22'),
  ('1', '3', '9', '8', '2022-12-22'),
  ('4', '2', '1', '8', '2022-10-22'),
  ('4', '2', '10', '9', '2022-10-22'),
  ('4', '2', '14', '9', '2022-10-22'),
  ('4', '2', '13', '8', '2022-10-22'),
  ('4', '2', '15', '8', '2022-10-22'),
  ('6', '5', '11', '9', '2022-10-25'),
  ('6', '5', '2', '8', '2022-10-25'),
  ('6', '5', '4', '9', '2022-10-25'),
  ('6', '5', '1', '9', '2022-10-26'),
  ('6', '5', '6', '8', '2022-10-26'),
  ('2', '14', '19', '8', '2022-11-26'),
  ('2', '14', '17', '9', '2022-11-26'),
  ('2', '14', '11', '8', '2022-11-26'),
  ('2', '14', '12', '8', '2022-11-26'),
  ('2', '14', '13', '9', '2022-11-26');
  

 
 -- comment --
 INSERT INTO dating_c04.comment (id_comment, content, id_post, id_user) VALUES 
 ('1', 'xinh qua', '2', '1'),
 ('2', 'xinh qua xinh', '2', '2'),
 ('3', 'lam quen nha', '3', '3'),
 ('4', 'woa', '4', '4'),
 ('5', 'ghe z troi', '5', '5'),
 ('6', 'hom nay an gi', '6', '6'),
 ('7', 'ui la troi', '7', '7'),
 ('8', 'xinh qua', '8', '8'),
 ('9', 'cho minh lam quen', '9', '9'),
 ('10', 'add minhdi', '10', '1'),
 ('11', 'qua la xinh luon', '11', '11'),
 ('12', 'xinh qua', '12', '12'),
 ('13', 'oke ', '13', '13'),
 ('14', 'haha', '1', '14'),
 ('15', 'hihi', '1', '15'),
 ('16', 'hehe', '1', '16'),
 ('17', 'huhu', '1', '17'),
 ('18', 'lalalala', '1', '18'),
 ('19', 'qua troi luon', '14', '19'),
 ('20', 'xinh qua', '1', '20');

UPDATE `dating_c04`.`account` SET `password` = '$2a$10$GTznweq/Wkq0OAuX0jv8zuGeTAlOzUXDG0dV6p1WrwhCetk3XAS7e' WHERE (`id_account` = '1');
UPDATE `dating_c04`.`account` SET `password` = '$2a$10$GTznweq/Wkq0OAuX0jv8zuGeTAlOzUXDG0dV6p1WrwhCetk3XAS7e' WHERE (`id_account` = '2');
UPDATE `dating_c04`.`account` SET `password` = '$2a$10$GTznweq/Wkq0OAuX0jv8zuGeTAlOzUXDG0dV6p1WrwhCetk3XAS7e' WHERE (`id_account` = '3');
UPDATE `dating_c04`.`account` SET `password` = '$2a$10$GTznweq/Wkq0OAuX0jv8zuGeTAlOzUXDG0dV6p1WrwhCetk3XAS7e' WHERE (`id_account` = '88');
UPDATE `dating_c04`.`account` SET `password` = '$2a$10$GTznweq/Wkq0OAuX0jv8zuGeTAlOzUXDG0dV6p1WrwhCetk3XAS7e' WHERE (`id_account` = '5');
UPDATE `dating_c04`.`account` SET `password` = '$2a$10$GTznweq/Wkq0OAuX0jv8zuGeTAlOzUXDG0dV6p1WrwhCetk3XAS7e' WHERE (`id_account` = '6');

UPDATE `dating_c04`.`account_role` SET `id_role` = '1' WHERE (`id_account` = '7') and (`id_role` = '2');

DELIMITER //
CREATE PROCEDURE create_give_a_gift (parm_id_gift INT,
parm_id_user_sender INT,
parm_id_user_receiver INT,
parm_quantity INT)

BEGIN
INSERT INTO gift_user (id_gift, id_user_sender, id_user_receiver, quantity)
VALUE (parm_id_gift, parm_id_user_sender, parm_id_user_receiver, parm_quantity);
update `user` set coin = coin - (select price from gift where id_gift = parm_id_gift) where id_user = parm_id_user_sender;
END //
DELIMITER ;
DELIMITER //

CREATE PROCEDURE update_give_a_gift(parm_id_gift INT,
parm_id_user_sender INT,
parm_id_user_receiver INT,
parm_quantity INT)
BEGIN
update gift_user set quantity = quantity + parm_quantity where id_gift = parm_id_gift and id_user_sender = parm_id_user_sender and id_user_receiver = parm_id_user_receiver;
update `user` set coin = coin - (select price from gift where id_gift = parm_id_gift) where id_user = parm_id_user_sender;
END //
DELIMITER ;	